transaction_id,customer_id,amount,location,transaction_hour,previous_transaction_amount,international
TXN000001,CUST0130,170.37,Nagpur,5,707.02,0
TXN000002,CUST0036,592.39,"Paris, France",9,2073.64,1
TXN000003,CUST0186,273.84,Jaipur,12,843.86,0
TXN000004,CUST0169,245.31,Delhi,18,1.0,0
TXN000005,CUST0202,81.22,Mumbai,5,99.29,0
TXN000006,CUST0233,700.85,"London, UK",16,1031.75,1
TXN000007,CUST0211,151.2,Hyderabad,17,1.0,0
TXN000008,CUST0069,202.12,Kolkata,18,1.0,0
TXN000009,CUST0198,90.41,Jaipur,6,142.43,0
TXN000010,CUST0437,69.0,Jaipur,9,413.68,0
TXN000011,CUST0386,332.25,Chennai,1,427.0,0
TXN000012,CUST0408,315.55,Kolkata,15,68.36,0
TXN000013,CUST0255,67.2,Delhi,22,468.88,0
TXN000014,CUST0292,275.66,Kolkata,20,1020.71,0
TXN000015,CUST0056,211.85,Delhi,20,345.09,0
TXN000016,CUST0498,185.83,Indore,3,841.52,0
TXN000017,CUST0450,227.13,Bhopal,7,175.28,0
TXN000018,CUST0177,379.98,Hyderabad,11,711.62,0
TXN000019,CUST0222,193.53,Kolkata,14,168.82,0
TXN000020,CUST0060,37.37,Kolkata,18,193.24,0
TXN000021,CUST0487,237.41,Ahmedabad,6,779.37,0
TXN000022,CUST0364,51.46,Delhi,16,1.0,0
TXN000023,CUST0245,531.4,Hyderabad,5,804.35,0
TXN000024,CUST0216,276.74,Kanpur,6,134.41,0
TXN000025,CUST0131,407.8,Ahmedabad,15,1.0,0
TXN000026,CUST0193,64.0,Lucknow,10,603.24,0
TXN000027,CUST0141,220.25,"Paris, France",2,759.91,1
TXN000028,CUST0425,109.65,Hyderabad,9,173.31,0
TXN000029,CUST0457,2837.63,"Tokyo, Japan",18,4479.63,1
TXN000030,CUST0021,96.81,Bengaluru,16,37.45,0
TXN000031,CUST0060,735.91,Bengaluru,15,1289.26,0
TXN000032,CUST0296,77.38,Nagpur,10,1.0,0
TXN000033,CUST0080,209.51,Chennai,19,647.28,0
TXN000034,CUST0251,184.58,Mumbai,15,1.0,0
TXN000035,CUST0048,202.54,"Tokyo, Japan",8,47.32,1
TXN000036,CUST0284,651.53,"New York, USA",19,694.69,1
TXN000037,CUST0319,128.57,Indore,23,1.0,0
TXN000038,CUST0230,155.7,Lucknow,8,196.96,0
TXN000039,CUST0239,140.58,Bhopal,7,462.62,0
TXN000040,CUST0229,200.64,Lucknow,17,808.69,0
TXN000041,CUST0493,279.01,Delhi,16,640.9,0
TXN000042,CUST0250,206.43,Bengaluru,1,330.96,0
TXN000043,CUST0063,496.31,Ahmedabad,19,395.17,0
TXN000044,CUST0018,130.85,Delhi,7,344.36,0
TXN000045,CUST0074,1351.83,Hong Kong,23,673.43,1
TXN000046,CUST0161,117.42,Hyderabad,20,1.0,0
TXN000047,CUST0278,452.41,Delhi,10,1186.51,0
TXN000048,CUST0240,299.45,Hyderabad,15,95.05,0
TXN000049,CUST0170,126.72,Delhi,23,361.38,0
TXN000050,CUST0356,424.05,"Toronto, Canada",12,1482.61,1
TXN000051,CUST0020,228.88,Nagpur,18,467.9,0
TXN000052,CUST0279,576.85,Chennai,17,1785.91,0
TXN000053,CUST0411,121.39,Nagpur,9,419.55,0
TXN000054,CUST0179,70.56,Jaipur,21,417.34,0
TXN000055,CUST0444,17.74,Nagpur,17,646.26,0
TXN000056,CUST0262,931.68,Indore,14,374.13,0
TXN000057,CUST0141,264.71,Chennai,4,1.0,0
TXN000058,CUST0353,301.12,Jaipur,18,337.03,0
TXN000059,CUST0253,90.14,Jaipur,7,1.0,0
TXN000060,CUST0438,54.59,Jaipur,16,1081.29,0
TXN000061,CUST0220,75.86,Surat,16,1.0,0
TXN000062,CUST0258,468.88,Chennai,22,1.0,0
TXN000063,CUST0429,85.06,Surat,19,1.0,0
TXN000064,CUST0332,241.35,Indore,14,304.08,0
TXN000065,CUST0115,876.41,Singapore,16,346.95,1
TXN000066,CUST0012,278.27,Indore,0,1076.78,0
TXN000067,CUST0222,375.64,Lucknow,19,898.05,0
TXN000068,CUST0096,137.25,Mumbai,5,1.0,0
TXN000069,CUST0370,430.19,Hong Kong,15,634.77,1
TXN000070,CUST0298,2494.75,"Paris, France",15,5091.56,1
TXN000071,CUST0124,340.35,Nagpur,10,932.36,0
TXN000072,CUST0418,727.46,Hyderabad,15,1243.52,0
TXN000073,CUST0269,121.87,Kolkata,15,1.0,0
TXN000074,CUST0078,84.89,Pune,8,277.5,0
TXN000075,CUST0461,103.61,Pune,18,631.09,0
TXN000076,CUST0484,2912.4,"Frankfurt, Germany",19,1070.01,1
TXN000077,CUST0089,151.07,Bhopal,21,658.11,0
TXN000078,CUST0489,102.94,Kolkata,11,664.28,0
TXN000079,CUST0458,202.22,Pune,7,1.0,0
TXN000080,CUST0115,165.65,Bengaluru,11,57.58,0
TXN000081,CUST0489,280.34,Bengaluru,18,689.29,0
TXN000082,CUST0268,32.82,Bengaluru,12,432.14,0
TXN000083,CUST0001,276.64,"Paris, France",11,976.18,1
TXN000084,CUST0152,84.25,Chennai,8,1.0,0
TXN000085,CUST0446,196.86,Indore,10,1.0,0
TXN000086,CUST0012,52.96,Pune,20,103.89,0
TXN000087,CUST0228,958.34,Jaipur,16,916.45,0
TXN000088,CUST0115,331.97,Ahmedabad,11,85.06,0
TXN000089,CUST0497,609.0,Chennai,21,1019.87,0
TXN000090,CUST0423,133.48,Delhi,19,145.89,0
TXN000091,CUST0382,497.3,"Toronto, Canada",7,1309.78,1
TXN000092,CUST0497,1494.6,Delhi,0,1198.99,0
TXN000093,CUST0451,2066.79,"Toronto, Canada",19,4559.17,1
TXN000094,CUST0316,62.13,Chennai,12,1.0,0
TXN000095,CUST0491,560.59,Nagpur,21,592.92,0
TXN000096,CUST0084,77.96,Hyderabad,9,867.93,0
TXN000097,CUST0147,156.14,Kanpur,13,1.0,0
TXN000098,CUST0061,1707.81,"Sydney, Australia",21,3140.35,1
TXN000099,CUST0105,461.5,Hyderabad,8,1.0,0
TXN000100,CUST0284,324.16,Kolkata,21,1.0,0
TXN000101,CUST0123,1415.78,"London, UK",19,1873.37,1
TXN000102,CUST0420,132.04,"London, UK",21,1.0,1
TXN000103,CUST0110,90.82,Hyderabad,12,1.0,0
TXN000104,CUST0182,935.41,"New York, USA",19,1620.99,1
TXN000105,CUST0030,87.36,Jaipur,13,40.03,0
TXN000106,CUST0150,370.21,Kolkata,17,907.32,0
TXN000107,CUST0106,340.22,Kanpur,19,871.31,0
TXN000108,CUST0109,841.48,Kolkata,12,120.7,0
TXN000109,CUST0229,150.44,Kanpur,11,1.0,0
TXN000110,CUST0418,40.48,Hyderabad,9,1.0,0
TXN000111,CUST0046,736.82,Pune,20,1957.99,0
TXN000112,CUST0350,108.98,Chennai,9,492.19,0
TXN000113,CUST0448,446.73,Jaipur,3,1.0,0
TXN000114,CUST0447,162.5,Mumbai,19,162.55,0
TXN000115,CUST0032,112.63,Mumbai,17,1.0,0
TXN000116,CUST0076,203.56,Hyderabad,16,305.01,0
TXN000117,CUST0351,939.54,Hong Kong,17,3067.28,1
TXN000118,CUST0268,34.19,Mumbai,18,1.0,0
TXN000119,CUST0237,3511.7,Jaipur,17,5699.41,0
TXN000120,CUST0357,73.83,Hyderabad,7,452.65,0
TXN000121,CUST0042,117.67,Delhi,12,512.86,0
TXN000122,CUST0344,420.25,"Tokyo, Japan",13,600.93,1
TXN000123,CUST0183,40.11,Lucknow,17,1.0,0
TXN000124,CUST0479,30.42,Kanpur,7,1.0,0
TXN000125,CUST0316,1364.01,Lucknow,4,1531.6,0
TXN000126,CUST0348,952.99,Chennai,1,1416.43,0
TXN000127,CUST0230,2352.71,"Frankfurt, Germany",9,2627.85,1
TXN000128,CUST0024,1290.73,"Paris, France",13,2828.55,1
TXN000129,CUST0299,102.27,Indore,13,1418.48,0
TXN000130,CUST0348,165.04,Jaipur,18,1.0,0
TXN000131,CUST0166,98.93,Surat,19,336.78,0
TXN000132,CUST0161,259.78,Ahmedabad,17,975.45,0
TXN000133,CUST0388,189.03,Delhi,17,95.16,0
TXN000134,CUST0392,105.54,Chennai,7,1.0,0
TXN000135,CUST0285,78.15,Kanpur,21,536.81,0
TXN000136,CUST0430,465.39,Nagpur,6,875.7,0
TXN000137,CUST0188,76.47,Hyderabad,11,335.51,0
TXN000138,CUST0490,49.96,Bhopal,17,1.0,0
TXN000139,CUST0326,28.97,Hyderabad,9,321.17,0
TXN000140,CUST0430,135.68,Kanpur,23,176.96,0
TXN000141,CUST0424,276.66,Surat,22,1.0,0
TXN000142,CUST0312,178.31,Surat,9,1.0,0
TXN000143,CUST0185,509.82,Lucknow,22,484.36,0
TXN000144,CUST0377,605.67,Kolkata,9,1165.89,0
TXN000145,CUST0177,255.08,Bhopal,14,1.0,0
TXN000146,CUST0335,706.22,Chennai,14,433.83,0
TXN000147,CUST0035,108.05,Surat,0,1620.72,0
TXN000148,CUST0356,142.24,Pune,16,1.0,0
TXN000149,CUST0053,71.97,Mumbai,14,551.0,0
TXN000150,CUST0161,447.34,Hyderabad,20,1422.02,0
TXN000151,CUST0233,262.59,Surat,12,111.06,0
TXN000152,CUST0284,243.91,Mumbai,9,1082.01,0
TXN000153,CUST0321,571.07,Ahmedabad,19,1805.78,0
TXN000154,CUST0079,335.08,Pune,10,1.0,0
TXN000155,CUST0362,96.85,Kanpur,10,721.21,0
TXN000156,CUST0315,1031.07,Kanpur,19,1029.21,0
TXN000157,CUST0417,884.33,"Toronto, Canada",14,2319.25,1
TXN000158,CUST0377,125.79,Singapore,11,749.12,1
TXN000159,CUST0229,16.04,Kanpur,11,267.85,0
TXN000160,CUST0476,194.71,Delhi,23,388.18,0
TXN000161,CUST0146,458.02,Bhopal,13,1489.1,0
TXN000162,CUST0014,1492.77,Chennai,1,278.97,0
TXN000163,CUST0241,196.58,"Paris, France",8,81.09,1
TXN000164,CUST0184,70.94,Indore,17,1.0,0
TXN000165,CUST0026,111.23,Bengaluru,9,342.54,0
TXN000166,CUST0371,210.14,Chennai,14,574.92,0
TXN000167,CUST0395,10.5,Kolkata,11,52.21,0
TXN000168,CUST0160,159.13,Ahmedabad,8,1.0,0
TXN000169,CUST0411,215.35,"New York, USA",15,404.86,1
TXN000170,CUST0023,598.78,Nagpur,16,436.28,0
TXN000171,CUST0139,80.28,Mumbai,21,841.69,0
TXN000172,CUST0109,79.53,Lucknow,11,543.89,0
TXN000173,CUST0354,2236.27,"Paris, France",21,5723.55,1
TXN000174,CUST0373,221.61,Indore,10,104.57,0
TXN000175,CUST0243,141.76,Indore,17,1.0,0
TXN000176,CUST0039,726.35,Mumbai,7,1618.61,0
TXN000177,CUST0249,1120.61,"Dubai, UAE",19,1961.84,1
TXN000178,CUST0403,101.7,Chennai,16,37.06,0
TXN000179,CUST0078,234.29,"Sydney, Australia",9,438.66,1
TXN000180,CUST0220,694.73,Delhi,23,847.22,0
TXN000181,CUST0190,157.95,Chennai,6,561.11,0
TXN000182,CUST0255,205.05,Ahmedabad,15,511.86,0
TXN000183,CUST0131,55.73,Mumbai,18,431.78,0
TXN000184,CUST0040,357.74,Delhi,8,1.0,0
TXN000185,CUST0227,139.01,Chennai,8,756.07,0
TXN000186,CUST0132,960.62,Lucknow,3,134.72,0
TXN000187,CUST0080,406.23,"Tokyo, Japan",16,858.64,1
TXN000188,CUST0256,70.08,Ahmedabad,18,1.0,0
TXN000189,CUST0095,71.77,Surat,20,1.0,0
TXN000190,CUST0158,323.23,Hyderabad,20,1.0,0
TXN000191,CUST0331,459.49,Lucknow,16,762.18,0
TXN000192,CUST0035,381.55,Kolkata,14,897.11,0
TXN000193,CUST0219,284.98,Pune,8,551.25,0
TXN000194,CUST0455,130.78,Kanpur,4,79.18,0
TXN000195,CUST0418,65.34,Chennai,23,392.91,0
TXN000196,CUST0140,696.07,Hyderabad,20,917.71,0
TXN000197,CUST0351,207.81,Surat,10,92.41,0
TXN000198,CUST0447,171.12,Mumbai,7,658.8,0
TXN000199,CUST0327,102.13,Lucknow,19,980.81,0
TXN000200,CUST0144,64.86,Kanpur,12,1.0,0
TXN000201,CUST0128,58.98,Pune,15,354.35,0
TXN000202,CUST0224,181.58,Indore,22,113.63,0
TXN000203,CUST0068,2095.88,Mumbai,20,1381.72,0
TXN000204,CUST0204,302.42,Bhopal,13,1.0,0
TXN000205,CUST0123,540.9,Pune,6,575.23,0
TXN000206,CUST0413,867.09,Surat,6,161.47,0
TXN000207,CUST0199,60.72,Kolkata,19,461.9,0
TXN000208,CUST0328,123.31,Hyderabad,18,1.0,0
TXN000209,CUST0053,163.76,"Sydney, Australia",20,971.49,1
TXN000210,CUST0405,908.18,Nagpur,18,1155.55,0
TXN000211,CUST0298,36.72,Bhopal,17,710.4,0
TXN000212,CUST0346,628.66,"London, UK",22,1231.39,1
TXN000213,CUST0355,44.41,Nagpur,15,1.0,0
TXN000214,CUST0136,180.1,Hong Kong,12,146.66,1
TXN000215,CUST0380,249.13,Chennai,7,1.0,0
TXN000216,CUST0314,156.86,Nagpur,15,848.81,0
TXN000217,CUST0150,171.78,Lucknow,20,688.66,0
TXN000218,CUST0006,1048.68,"London, UK",17,2327.79,1
TXN000219,CUST0415,90.2,Indore,10,591.38,0
TXN000220,CUST0194,256.55,Jaipur,13,108.34,0
TXN000221,CUST0022,183.57,Chennai,10,501.67,0
TXN000222,CUST0241,355.44,Nagpur,18,301.77,0
TXN000223,CUST0099,866.82,Chennai,18,1.0,0
TXN000224,CUST0040,40.64,Kolkata,23,899.48,0
TXN000225,CUST0445,637.07,"Frankfurt, Germany",17,1391.68,1
TXN000226,CUST0129,32.53,Surat,20,1092.45,0
TXN000227,CUST0071,88.06,Nagpur,19,1.0,0
TXN000228,CUST0408,221.08,Surat,15,1.0,0
TXN000229,CUST0275,930.11,Ahmedabad,15,2064.44,0
TXN000230,CUST0265,142.79,Kolkata,17,1.0,0
TXN000231,CUST0023,147.58,Surat,7,478.99,0
TXN000232,CUST0220,790.27,Bengaluru,9,1862.02,0
TXN000233,CUST0389,2416.24,Mumbai,16,1787.89,0
TXN000234,CUST0115,190.0,Mumbai,2,663.06,0
TXN000235,CUST0118,203.58,Lucknow,12,1001.94,0
TXN000236,CUST0430,48.47,Bengaluru,16,1.0,0
TXN000237,CUST0208,148.27,Lucknow,6,1.0,0
TXN000238,CUST0225,51.23,Jaipur,16,937.97,0
TXN000239,CUST0002,105.68,Nagpur,5,949.07,0
TXN000240,CUST0152,168.88,Bengaluru,17,105.0,0
TXN000241,CUST0337,68.5,Surat,15,429.14,0
TXN000242,CUST0342,44.79,Kolkata,12,1388.51,0
TXN000243,CUST0140,389.04,Bengaluru,15,1135.85,0
TXN000244,CUST0068,844.35,Nagpur,9,1066.64,0
TXN000245,CUST0438,151.24,Delhi,23,482.42,0
TXN000246,CUST0249,248.07,Jaipur,11,250.43,0
TXN000247,CUST0287,316.32,Kanpur,12,912.68,0
TXN000248,CUST0340,147.66,Kolkata,8,292.16,0
TXN000249,CUST0162,103.74,Delhi,18,97.18,0
TXN000250,CUST0459,1899.03,Indore,17,1548.67,0
TXN000251,CUST0271,51.18,Surat,20,168.56,0
TXN000252,CUST0254,485.53,"Tokyo, Japan",9,1296.34,1
TXN000253,CUST0032,404.79,Hyderabad,7,542.91,0
TXN000254,CUST0134,129.26,Lucknow,11,839.92,0
TXN000255,CUST0414,198.95,Jaipur,20,448.68,0
TXN000256,CUST0331,43.79,Nagpur,8,1.0,0
TXN000257,CUST0273,97.79,Nagpur,2,414.61,0
TXN000258,CUST0305,233.33,Mumbai,23,330.77,0
TXN000259,CUST0152,91.86,Bengaluru,21,200.68,0
TXN000260,CUST0312,151.82,Hyderabad,20,576.88,0
TXN000261,CUST0257,361.0,Ahmedabad,14,1014.84,0
TXN000262,CUST0328,695.06,Singapore,10,420.52,1
TXN000263,CUST0152,332.58,Lucknow,23,645.6,0
TXN000264,CUST0485,877.18,Ahmedabad,7,2855.57,0
TXN000265,CUST0432,78.09,Kanpur,13,1.0,0
TXN000266,CUST0433,640.5,"Paris, France",17,1310.41,1
TXN000267,CUST0362,632.41,"Sydney, Australia",10,284.68,1
TXN000268,CUST0154,162.54,Indore,8,483.17,0
TXN000269,CUST0463,204.83,Jaipur,16,1.0,0
TXN000270,CUST0409,225.16,Bengaluru,16,144.46,0
TXN000271,CUST0019,204.32,Lucknow,15,142.75,0
TXN000272,CUST0321,251.87,Chennai,15,1.0,0
TXN000273,CUST0443,751.12,Bengaluru,13,672.13,0
TXN000274,CUST0010,170.01,Bhopal,19,187.63,0
TXN000275,CUST0239,963.69,"Sydney, Australia",8,2606.1,1
TXN000276,CUST0066,484.1,"Toronto, Canada",9,1.0,1
TXN000277,CUST0141,48.87,Delhi,7,1.0,0
TXN000278,CUST0473,26.5,Bhopal,20,323.86,0
TXN000279,CUST0120,45.44,Kanpur,9,1.0,0
TXN000280,CUST0096,375.45,Ahmedabad,13,328.25,0
TXN000281,CUST0360,68.55,Surat,19,850.85,0
TXN000282,CUST0422,205.62,Ahmedabad,17,1.0,0
TXN000283,CUST0147,91.49,Kanpur,13,462.5,0
TXN000284,CUST0067,1157.9,Bhopal,10,641.38,0
TXN000285,CUST0244,95.16,Mumbai,8,1.0,0
TXN000286,CUST0159,386.44,Nagpur,9,1.0,0
TXN000287,CUST0017,50.66,Delhi,19,1.0,0
TXN000288,CUST0311,172.89,Bengaluru,10,268.32,0
TXN000289,CUST0478,65.87,Mumbai,6,718.91,0
TXN000290,CUST0291,318.33,Kolkata,18,1.0,0
TXN000291,CUST0147,658.63,Pune,18,724.47,0
TXN000292,CUST0134,1299.93,"Sydney, Australia",10,591.3,1
TXN000293,CUST0386,248.3,Nagpur,4,707.78,0
TXN000294,CUST0431,215.95,Indore,20,641.27,0
TXN000295,CUST0486,75.7,Ahmedabad,9,1.0,0
TXN000296,CUST0413,136.96,"Sydney, Australia",20,478.35,1
TXN000297,CUST0199,71.42,Indore,12,1.0,0
TXN000298,CUST0134,234.58,Mumbai,10,379.86,0
TXN000299,CUST0453,76.04,Delhi,12,1.0,0
TXN000300,CUST0228,2702.91,"Toronto, Canada",12,2535.81,1
TXN000301,CUST0251,92.26,Kanpur,8,1.0,0
TXN000302,CUST0034,135.46,Bhopal,22,843.88,0
TXN000303,CUST0346,310.63,Surat,6,1225.71,0
TXN000304,CUST0197,216.29,Delhi,10,102.75,0
TXN000305,CUST0043,119.29,Lucknow,11,159.64,0
TXN000306,CUST0334,1799.45,Nagpur,10,1690.81,0
TXN000307,CUST0286,371.9,Chennai,11,541.89,0
TXN000308,CUST0333,712.26,"London, UK",9,1507.64,1
TXN000309,CUST0121,92.44,Lucknow,17,593.49,0
TXN000310,CUST0329,157.56,Lucknow,10,470.69,0
TXN000311,CUST0239,228.09,Kanpur,15,285.78,0
TXN000312,CUST0253,201.33,Kanpur,23,318.75,0
TXN000313,CUST0015,191.57,Pune,10,903.43,0
TXN000314,CUST0020,1820.27,Singapore,19,1014.78,1
TXN000315,CUST0014,130.14,Lucknow,17,1.0,0
TXN000316,CUST0048,77.52,Singapore,18,88.7,1
TXN000317,CUST0022,44.46,Lucknow,18,543.54,0
TXN000318,CUST0427,152.5,Indore,7,442.5,0
TXN000319,CUST0396,124.92,Bhopal,11,683.38,0
TXN000320,CUST0150,525.27,Mumbai,12,1050.79,0
TXN000321,CUST0359,159.05,Delhi,23,639.21,0
TXN000322,CUST0488,40.29,Hyderabad,22,899.01,0
TXN000323,CUST0090,245.14,Hyderabad,8,1.0,0
TXN000324,CUST0391,509.06,Mumbai,15,1374.81,0
TXN000325,CUST0348,117.48,Delhi,3,450.05,0
TXN000326,CUST0226,1238.27,Kolkata,19,1830.2,0
TXN000327,CUST0297,774.85,Bhopal,22,1574.5,0
TXN000328,CUST0425,35.42,Delhi,21,1.0,0
TXN000329,CUST0069,250.89,Delhi,11,1.0,0
TXN000330,CUST0099,504.94,Lucknow,20,1167.04,0
TXN000331,CUST0355,1142.26,"Frankfurt, Germany",14,2190.59,1
TXN000332,CUST0039,95.67,Jaipur,6,525.65,0
TXN000333,CUST0002,144.88,Bengaluru,20,545.18,0
TXN000334,CUST0017,2446.84,"Frankfurt, Germany",6,1793.39,1
TXN000335,CUST0455,3930.56,Singapore,10,5757.04,1
TXN000336,CUST0129,87.5,Mumbai,7,1147.61,0
TXN000337,CUST0214,286.71,Pune,20,736.83,0
TXN000338,CUST0444,13.83,Kolkata,16,69.77,0
TXN000339,CUST0237,55.38,Jaipur,16,369.58,0
TXN000340,CUST0194,128.03,Jaipur,8,1.0,0
TXN000341,CUST0324,430.53,Indore,19,1116.91,0
TXN000342,CUST0480,161.11,Bhopal,10,1058.48,0
TXN000343,CUST0326,387.41,Mumbai,19,643.36,0
TXN000344,CUST0202,274.89,Hyderabad,18,1.0,0
TXN000345,CUST0117,423.97,Chennai,6,466.83,0
TXN000346,CUST0315,137.66,Hyderabad,16,268.81,0
TXN000347,CUST0098,941.41,"New York, USA",12,1278.11,1
TXN000348,CUST0347,190.46,Nagpur,7,636.78,0
TXN000349,CUST0088,81.84,Kanpur,10,880.53,0
TXN000350,CUST0242,325.57,Hyderabad,17,347.83,0
TXN000351,CUST0405,46.75,Pune,7,363.19,0
TXN000352,CUST0057,131.49,Delhi,17,1.0,0
TXN000353,CUST0233,268.88,Kanpur,21,996.42,0
TXN000354,CUST0110,443.11,Ahmedabad,18,1.0,0
TXN000355,CUST0171,73.35,Hyderabad,15,239.06,0
TXN000356,CUST0493,1140.34,Singapore,9,1864.74,1
TXN000357,CUST0206,99.79,Chennai,11,783.32,0
TXN000358,CUST0091,1171.63,"Dubai, UAE",11,1518.35,1
TXN000359,CUST0447,29.21,Ahmedabad,11,263.05,0
TXN000360,CUST0487,67.5,Delhi,21,1.0,0
TXN000361,CUST0461,45.61,Pune,22,241.58,0
TXN000362,CUST0074,716.66,Lucknow,20,1186.26,0
TXN000363,CUST0111,34.62,Mumbai,18,1.0,0
TXN000364,CUST0078,96.69,Nagpur,20,1.0,0
TXN000365,CUST0129,206.32,Hyderabad,23,1.0,0
TXN000366,CUST0284,168.87,Pune,19,214.59,0
TXN000367,CUST0146,338.5,Bengaluru,6,692.06,0
TXN000368,CUST0247,56.06,Indore,19,238.34,0
TXN000369,CUST0141,20.24,Jaipur,21,1.0,0
TXN000370,CUST0032,97.06,Bengaluru,19,203.78,0
TXN000371,CUST0113,127.15,Delhi,19,862.91,0
TXN000372,CUST0111,97.66,Hyderabad,13,152.42,0
TXN000373,CUST0204,1331.04,Indore,20,2695.55,0
TXN000374,CUST0283,351.78,Lucknow,15,970.8,0
TXN000375,CUST0292,616.63,"Tokyo, Japan",14,639.6,1
TXN000376,CUST0407,607.12,Jaipur,12,1555.5,0
TXN000377,CUST0425,74.68,Ahmedabad,8,1.0,0
TXN000378,CUST0389,326.89,Delhi,13,639.02,0
TXN000379,CUST0077,1565.72,Chennai,17,104.68,0
TXN000380,CUST0380,395.07,Kolkata,16,1.0,0
TXN000381,CUST0102,349.73,Ahmedabad,15,1256.33,0
TXN000382,CUST0362,1443.07,"London, UK",10,2173.14,1
TXN000383,CUST0381,121.55,Lucknow,10,90.7,0
TXN000384,CUST0160,1177.21,Bengaluru,20,473.97,0
TXN000385,CUST0358,136.99,Nagpur,12,361.41,0
TXN000386,CUST0423,95.01,Surat,12,149.66,0
TXN000387,CUST0256,441.19,Pune,21,656.42,0
TXN000388,CUST0083,325.2,Nagpur,2,734.68,0
TXN000389,CUST0040,359.77,Pune,12,512.03,0
TXN000390,CUST0022,248.36,Hyderabad,0,305.51,0
TXN000391,CUST0327,16.11,Surat,14,192.68,0
TXN000392,CUST0150,16.21,Ahmedabad,6,539.86,0
TXN000393,CUST0300,76.55,Bengaluru,16,1001.12,0
TXN000394,CUST0025,57.56,Bengaluru,11,1071.67,0
TXN000395,CUST0244,89.78,Bhopal,18,1.0,0
TXN000396,CUST0238,505.59,Bhopal,12,721.65,0
TXN000397,CUST0444,207.78,Kanpur,12,96.5,0
TXN000398,CUST0371,1284.55,Kanpur,3,2853.55,0
TXN000399,CUST0232,253.63,Nagpur,9,477.67,0
TXN000400,CUST0107,1103.56,Singapore,17,1356.28,1
TXN000401,CUST0491,491.24,Hyderabad,0,974.93,0
TXN000402,CUST0461,112.69,Indore,15,1.0,0
TXN000403,CUST0098,1235.96,"Paris, France",12,1406.48,1
TXN000404,CUST0161,98.48,Mumbai,18,825.34,0
TXN000405,CUST0032,224.48,Surat,4,1.0,0
TXN000406,CUST0151,100.32,Lucknow,10,1.0,0
TXN000407,CUST0188,98.23,Mumbai,11,1.0,0
TXN000408,CUST0420,2202.13,Nagpur,14,1821.99,0
TXN000409,CUST0452,292.69,Bengaluru,21,419.87,0
TXN000410,CUST0055,3366.16,"Toronto, Canada",17,1412.2,1
TXN000411,CUST0450,57.3,Mumbai,12,420.35,0
TXN000412,CUST0401,50.68,Delhi,11,342.39,0
TXN000413,CUST0410,182.66,Lucknow,23,1.0,0
TXN000414,CUST0131,2058.46,"Toronto, Canada",18,1153.18,1
TXN000415,CUST0261,269.91,Surat,21,1.0,0
TXN000416,CUST0325,388.46,Bhopal,14,32.27,0
TXN000417,CUST0366,95.59,Ahmedabad,17,380.6,0
TXN000418,CUST0020,83.05,Kolkata,17,86.52,0
TXN000419,CUST0068,117.15,Bhopal,10,316.91,0
TXN000420,CUST0461,95.58,Mumbai,11,1.0,0
TXN000421,CUST0429,34.16,Kanpur,7,1204.06,0
TXN000422,CUST0312,990.6,Bhopal,12,548.84,0
TXN000423,CUST0396,73.31,Bengaluru,21,1.0,0
TXN000424,CUST0488,1084.99,Ahmedabad,4,1484.7,0
TXN000425,CUST0304,1000.38,"Tokyo, Japan",12,1185.07,1
TXN000426,CUST0478,33.0,Nagpur,11,604.39,0
TXN000427,CUST0013,50.89,Lucknow,6,1.0,0
TXN000428,CUST0487,384.91,Delhi,17,1112.3,0
TXN000429,CUST0386,99.62,Ahmedabad,18,1.0,0
TXN000430,CUST0449,480.89,Bhopal,10,285.7,0
TXN000431,CUST0390,440.76,Lucknow,4,1318.55,0
TXN000432,CUST0292,67.38,Ahmedabad,8,6.09,0
TXN000433,CUST0261,2255.09,Mumbai,13,4115.76,0
TXN000434,CUST0312,513.92,"London, UK",13,221.9,1
TXN000435,CUST0277,86.09,Bhopal,18,1.0,0
TXN000436,CUST0433,203.01,Kanpur,11,71.93,0
TXN000437,CUST0331,782.95,"Paris, France",9,1.0,1
TXN000438,CUST0489,104.57,Chennai,7,968.71,0
TXN000439,CUST0053,49.52,Delhi,20,128.63,0
TXN000440,CUST0391,288.73,Bhopal,12,227.74,0
TXN000441,CUST0441,83.65,Kanpur,8,192.23,0
TXN000442,CUST0213,47.7,Delhi,11,797.27,0
TXN000443,CUST0476,2041.03,Kolkata,1,3820.59,0
TXN000444,CUST0476,676.79,Pune,14,723.75,0
TXN000445,CUST0252,531.51,"Frankfurt, Germany",20,214.58,1
TXN000446,CUST0148,375.8,Ahmedabad,19,340.83,0
TXN000447,CUST0039,135.13,Kolkata,5,1.0,0
TXN000448,CUST0067,152.95,Bhopal,10,88.9,0
TXN000449,CUST0040,35.78,Surat,23,530.59,0
TXN000450,CUST0093,2412.59,Singapore,17,4969.52,1
TXN000451,CUST0381,278.57,Hyderabad,7,925.15,0
TXN000452,CUST0249,142.56,Chennai,17,7.9,0
TXN000453,CUST0096,196.86,Hong Kong,9,404.89,1
TXN000454,CUST0322,108.21,Indore,13,541.65,0
TXN000455,CUST0266,203.46,Kolkata,21,591.98,0
TXN000456,CUST0080,186.61,Kanpur,13,35.67,0
TXN000457,CUST0364,46.06,Ahmedabad,17,147.56,0
TXN000458,CUST0185,89.97,Pune,16,426.66,0
TXN000459,CUST0059,792.19,"Tokyo, Japan",9,1500.64,1
TXN000460,CUST0352,93.46,Chennai,8,883.43,0
TXN000461,CUST0124,224.62,Nagpur,13,232.49,0
TXN000462,CUST0304,107.16,Pune,7,268.93,0
TXN000463,CUST0293,60.84,Indore,15,196.63,0
TXN000464,CUST0160,1255.35,Surat,14,1912.66,0
TXN000465,CUST0024,49.04,Kanpur,9,581.66,0
TXN000466,CUST0012,444.46,Delhi,17,668.0,0
TXN000467,CUST0453,1097.75,Surat,3,330.26,0
TXN000468,CUST0272,163.71,Surat,7,1.0,0
TXN000469,CUST0070,129.24,"Toronto, Canada",9,525.41,1
TXN000470,CUST0309,62.33,Nagpur,8,291.91,0
TXN000471,CUST0298,197.81,Indore,10,1181.63,0
TXN000472,CUST0400,163.99,Kanpur,9,1.0,0
TXN000473,CUST0180,110.67,Bhopal,6,318.05,0
TXN000474,CUST0311,1348.1,"Tokyo, Japan",12,1230.96,1
TXN000475,CUST0235,51.56,Pune,11,93.21,0
TXN000476,CUST0365,74.71,Kolkata,19,215.45,0
TXN000477,CUST0283,84.74,Ahmedabad,13,778.77,0
TXN000478,CUST0185,1483.49,"London, UK",8,2337.96,1
TXN000479,CUST0394,795.47,Hong Kong,10,1724.79,1
TXN000480,CUST0121,241.82,Kanpur,20,1.0,0
TXN000481,CUST0165,149.19,Bhopal,6,738.6,0
TXN000482,CUST0237,247.08,Ahmedabad,14,1.0,0
TXN000483,CUST0239,168.94,Surat,9,227.07,0
TXN000484,CUST0415,1016.78,"Paris, France",16,865.69,1
TXN000485,CUST0261,23.58,Pune,10,1.0,0
TXN000486,CUST0294,303.82,"Tokyo, Japan",18,379.03,1
TXN000487,CUST0212,98.82,Delhi,17,1.0,0
TXN000488,CUST0046,1041.61,Bhopal,17,1954.45,0
TXN000489,CUST0471,181.43,Hyderabad,11,438.83,0
TXN000490,CUST0122,1246.25,Indore,9,977.34,0
TXN000491,CUST0025,592.21,Nagpur,18,1023.36,0
TXN000492,CUST0476,139.39,Indore,12,861.7,0
TXN000493,CUST0034,371.24,Surat,11,510.86,0
TXN000494,CUST0157,1313.5,Hong Kong,9,975.76,1
TXN000495,CUST0122,75.97,Kanpur,15,1.0,0
TXN000496,CUST0342,182.75,Ahmedabad,12,948.59,0
TXN000497,CUST0097,25.55,Delhi,12,1.0,0
TXN000498,CUST0158,419.16,Bhopal,17,196.23,0
TXN000499,CUST0069,134.86,Indore,13,62.96,0
TXN000500,CUST0294,222.37,Hyderabad,14,58.44,0
TXN000501,CUST0489,145.65,Bhopal,16,1.0,0
TXN000502,CUST0043,19.34,Delhi,17,1.0,0
TXN000503,CUST0086,1479.86,"Sydney, Australia",14,796.7,1
TXN000504,CUST0009,218.8,Surat,16,1.0,0
TXN000505,CUST0187,81.4,Hyderabad,19,489.34,0
TXN000506,CUST0228,564.17,Kolkata,7,580.72,0
TXN000507,CUST0338,135.81,Hyderabad,20,56.77,0
TXN000508,CUST0128,144.83,Kanpur,4,1.0,0
TXN000509,CUST0280,471.66,Kolkata,12,331.94,0
TXN000510,CUST0495,47.04,Jaipur,17,295.06,0
TXN000511,CUST0226,29.59,Kanpur,11,1.0,0
TXN000512,CUST0438,236.76,Surat,17,335.85,0
TXN000513,CUST0224,2904.48,"Tokyo, Japan",22,5871.16,1
TXN000514,CUST0279,120.25,Pune,21,614.32,0
TXN000515,CUST0373,235.17,"Dubai, UAE",12,488.85,1
TXN000516,CUST0062,638.54,"New York, USA",4,1527.68,1
TXN000517,CUST0449,409.37,Delhi,8,379.44,0
TXN000518,CUST0064,1109.7,Lucknow,12,2700.72,0
TXN000519,CUST0046,481.57,"Dubai, UAE",18,1353.3,1
TXN000520,CUST0334,202.34,Ahmedabad,14,160.81,0
TXN000521,CUST0395,503.18,Bengaluru,5,1017.49,0
TXN000522,CUST0427,156.44,Kolkata,8,1.0,0
TXN000523,CUST0020,289.59,Hyderabad,8,512.45,0
TXN000524,CUST0081,373.36,Delhi,19,615.5,0
TXN000525,CUST0323,131.47,Bengaluru,9,513.17,0
TXN000526,CUST0093,51.2,Pune,15,555.48,0
TXN000527,CUST0134,571.06,"Toronto, Canada",5,368.32,1
TXN000528,CUST0251,271.94,Surat,19,375.68,0
TXN000529,CUST0110,980.89,Kanpur,14,2013.47,0
TXN000530,CUST0061,1078.56,"Dubai, UAE",13,283.67,1
TXN000531,CUST0121,332.85,Ahmedabad,13,821.12,0
TXN000532,CUST0271,87.12,Delhi,21,1.0,0
TXN000533,CUST0492,157.81,Jaipur,11,81.33,0
TXN000534,CUST0315,77.15,Lucknow,18,1245.42,0
TXN000535,CUST0131,848.85,Kolkata,2,1918.8,0
TXN000536,CUST0336,636.66,"New York, USA",1,1243.89,1
TXN000537,CUST0176,356.8,Jaipur,12,481.04,0
TXN000538,CUST0491,40.81,Lucknow,9,345.77,0
TXN000539,CUST0183,473.08,Mumbai,0,1.0,0
TXN000540,CUST0046,123.59,Hyderabad,21,397.65,0
TXN000541,CUST0057,1096.43,Jaipur,10,2640.24,0
TXN000542,CUST0457,350.66,Ahmedabad,2,937.88,0
TXN000543,CUST0090,397.11,Lucknow,21,1.0,0
TXN000544,CUST0482,322.27,Mumbai,8,559.9,0
TXN000545,CUST0411,88.12,Surat,11,1.0,0
TXN000546,CUST0281,181.44,Jaipur,18,330.59,0
TXN000547,CUST0444,588.34,Pune,23,897.46,0
TXN000548,CUST0048,245.17,Delhi,21,858.73,0
TXN000549,CUST0098,107.0,Hong Kong,21,1006.48,1
TXN000550,CUST0443,427.04,Jaipur,9,281.53,0
TXN000551,CUST0073,151.85,Jaipur,11,1.0,0
TXN000552,CUST0180,155.28,Mumbai,18,45.78,0
TXN000553,CUST0029,126.28,Surat,18,214.88,0
TXN000554,CUST0221,824.83,Chennai,14,1.0,0
TXN000555,CUST0092,81.96,Hyderabad,9,1308.02,0
TXN000556,CUST0131,221.35,Delhi,21,16.03,0
TXN000557,CUST0201,563.68,Bengaluru,16,1575.47,0
TXN000558,CUST0476,364.08,Lucknow,8,277.33,0
TXN000559,CUST0160,96.07,Ahmedabad,11,261.29,0
TXN000560,CUST0341,704.93,"Tokyo, Japan",22,1456.87,1
TXN000561,CUST0250,60.87,Lucknow,14,1.0,0
TXN000562,CUST0403,303.92,Ahmedabad,8,223.43,0
TXN000563,CUST0483,241.53,Mumbai,8,470.26,0
TXN000564,CUST0242,88.8,Bengaluru,5,1.0,0
TXN000565,CUST0149,113.58,Pune,13,937.23,0
TXN000566,CUST0140,74.4,Chennai,19,1258.53,0
TXN000567,CUST0386,490.91,Kanpur,8,1.0,0
TXN000568,CUST0187,80.56,Lucknow,15,621.59,0
TXN000569,CUST0400,236.27,Kolkata,19,1.0,0
TXN000570,CUST0240,89.05,Ahmedabad,6,33.4,0
TXN000571,CUST0356,399.02,Lucknow,17,752.56,0
TXN000572,CUST0094,1076.63,"Sydney, Australia",9,480.89,1
TXN000573,CUST0388,198.34,Pune,7,611.33,0
TXN000574,CUST0096,111.22,Kanpur,11,441.26,0
TXN000575,CUST0121,434.34,Bengaluru,21,824.3,0
TXN000576,CUST0199,443.49,"Toronto, Canada",16,1.0,1
TXN000577,CUST0411,464.43,Bengaluru,19,1060.66,0
TXN000578,CUST0221,283.75,Ahmedabad,13,809.33,0
TXN000579,CUST0236,212.67,Ahmedabad,14,1.0,0
TXN000580,CUST0418,294.55,Nagpur,13,661.55,0
TXN000581,CUST0420,246.19,Jaipur,8,326.15,0
TXN000582,CUST0314,12.63,Chennai,12,1.0,0
TXN000583,CUST0320,436.26,Delhi,13,1.0,0
TXN000584,CUST0459,133.38,Bengaluru,11,608.27,0
TXN000585,CUST0277,122.73,Hyderabad,21,1.0,0
TXN000586,CUST0390,1176.71,Pune,18,1683.14,0
TXN000587,CUST0040,853.33,Ahmedabad,19,1459.01,0
TXN000588,CUST0052,39.86,Kanpur,11,1.0,0
TXN000589,CUST0095,114.71,Hyderabad,22,12.8,0
TXN000590,CUST0174,33.3,Indore,11,960.81,0
TXN000591,CUST0076,43.13,Bengaluru,15,143.11,0
TXN000592,CUST0251,112.32,Indore,13,232.78,0
TXN000593,CUST0411,81.12,Surat,17,218.41,0
TXN000594,CUST0313,126.02,Surat,19,151.5,0
TXN000595,CUST0035,24.7,Nagpur,14,158.79,0
TXN000596,CUST0109,279.1,Bengaluru,7,1075.87,0
TXN000597,CUST0382,118.19,Delhi,12,794.14,0
TXN000598,CUST0414,765.0,Bhopal,10,1128.11,0
TXN000599,CUST0118,1799.92,Singapore,19,2477.77,1
TXN000600,CUST0319,93.6,Nagpur,9,1.0,0
TXN000601,CUST0216,123.0,Hyderabad,9,515.94,0
TXN000602,CUST0074,145.38,Surat,15,678.9,0
TXN000603,CUST0241,146.38,Hyderabad,7,50.53,0
TXN000604,CUST0060,341.06,Jaipur,17,706.51,0
TXN000605,CUST0109,480.8,Surat,5,406.49,0
TXN000606,CUST0262,2478.73,Chennai,7,2253.82,0
TXN000607,CUST0006,57.15,Bengaluru,8,1.0,0
TXN000608,CUST0213,1704.76,Bhopal,4,2020.8,0
TXN000609,CUST0492,390.45,Lucknow,11,816.19,0
TXN000610,CUST0229,1554.26,Delhi,3,1936.13,0
TXN000611,CUST0340,81.4,Bhopal,17,110.53,0
TXN000612,CUST0381,73.2,Nagpur,19,400.22,0
TXN000613,CUST0430,1462.97,"Tokyo, Japan",16,3493.08,1
TXN000614,CUST0149,102.09,Lucknow,12,202.93,0
TXN000615,CUST0262,163.82,Chennai,7,259.24,0
TXN000616,CUST0044,84.25,Jaipur,21,1.0,0
TXN000617,CUST0096,109.65,Lucknow,17,1.0,0
TXN000618,CUST0253,457.15,Delhi,17,891.82,0
TXN000619,CUST0097,351.19,Jaipur,15,1.0,0
TXN000620,CUST0206,3477.4,"Sydney, Australia",4,6266.33,1
TXN000621,CUST0036,58.86,Chennai,22,1.0,0
TXN000622,CUST0427,237.8,Mumbai,11,1.0,0
TXN000623,CUST0399,167.93,Mumbai,18,1385.28,0
TXN000624,CUST0472,165.11,Bengaluru,13,940.06,0
TXN000625,CUST0217,176.66,Hyderabad,10,1504.31,0
TXN000626,CUST0440,76.37,Chennai,14,1.0,0
TXN000627,CUST0283,116.18,Jaipur,20,561.44,0
TXN000628,CUST0277,57.36,Bhopal,8,395.05,0
TXN000629,CUST0074,509.68,Surat,21,385.82,0
TXN000630,CUST0105,506.0,Bengaluru,14,996.23,0
TXN000631,CUST0250,141.67,Delhi,19,484.35,0
TXN000632,CUST0233,84.58,Kanpur,15,1.0,0
TXN000633,CUST0236,1116.57,Indore,16,1.0,0
TXN000634,CUST0392,325.01,Jaipur,21,576.13,0
TXN000635,CUST0152,145.51,Ahmedabad,14,1.0,0
TXN000636,CUST0056,117.35,Lucknow,12,1.0,0
TXN000637,CUST0488,113.52,Nagpur,13,172.08,0
TXN000638,CUST0393,129.73,Ahmedabad,20,179.16,0
TXN000639,CUST0029,109.36,Chennai,4,887.89,0
TXN000640,CUST0045,90.11,Indore,11,1.0,0
TXN000641,CUST0257,706.47,Kanpur,17,964.2,0
TXN000642,CUST0341,164.43,Indore,9,763.81,0
TXN000643,CUST0179,83.76,Lucknow,12,1.0,0
TXN000644,CUST0241,1063.81,Chennai,15,1327.52,0
TXN000645,CUST0191,613.79,"New York, USA",8,1621.8,1
TXN000646,CUST0206,214.91,Hong Kong,11,1.0,1
TXN000647,CUST0398,978.36,Pune,10,946.2,0
TXN000648,CUST0444,42.83,Bhopal,21,1.0,0
TXN000649,CUST0471,222.64,Delhi,14,1.0,0
TXN000650,CUST0346,564.38,Hong Kong,18,754.91,1
TXN000651,CUST0088,250.26,Indore,14,201.22,0
TXN000652,CUST0098,83.68,Indore,11,1.0,0
TXN000653,CUST0492,347.14,"Sydney, Australia",18,137.88,1
TXN000654,CUST0124,156.15,Ahmedabad,12,1.0,0
TXN000655,CUST0163,383.25,Hyderabad,10,1001.9,0
TXN000656,CUST0461,458.9,Chennai,0,1113.01,0
TXN000657,CUST0489,79.79,Kolkata,8,286.38,0
TXN000658,CUST0210,747.97,Lucknow,9,142.92,0
TXN000659,CUST0163,543.16,Bhopal,12,527.13,0
TXN000660,CUST0432,613.73,"Frankfurt, Germany",15,659.65,1
TXN000661,CUST0103,900.47,Kanpur,11,2294.61,0
TXN000662,CUST0002,1183.5,Kanpur,22,2243.29,0
TXN000663,CUST0195,305.81,Kolkata,14,455.25,0
TXN000664,CUST0382,133.98,Lucknow,16,133.4,0
TXN000665,CUST0121,435.15,"London, UK",6,24.68,1
TXN000666,CUST0389,1578.5,Mumbai,18,2395.49,0
TXN000667,CUST0274,468.49,Ahmedabad,22,702.16,0
TXN000668,CUST0172,59.65,Bengaluru,14,1.0,0
TXN000669,CUST0012,666.26,Ahmedabad,17,947.6,0
TXN000670,CUST0238,2266.72,"Sydney, Australia",18,2124.46,1
TXN000671,CUST0232,233.1,Delhi,12,576.3,0
TXN000672,CUST0379,586.62,Indore,15,415.78,0
TXN000673,CUST0280,651.04,Ahmedabad,9,1447.92,0
TXN000674,CUST0500,264.68,Lucknow,20,190.78,0
TXN000675,CUST0158,106.93,Surat,1,110.05,0
TXN000676,CUST0372,287.58,Bhopal,18,1.0,0
TXN000677,CUST0191,72.91,Bengaluru,13,715.63,0
TXN000678,CUST0052,189.69,Bengaluru,12,759.78,0
TXN000679,CUST0359,74.51,Kolkata,21,656.67,0
TXN000680,CUST0366,191.79,Surat,15,1.0,0
TXN000681,CUST0160,78.19,Chennai,10,296.53,0
TXN000682,CUST0303,75.62,Pune,11,1.0,0
TXN000683,CUST0203,563.2,Jaipur,8,1061.41,0
TXN000684,CUST0380,168.94,Surat,9,1.0,0
TXN000685,CUST0282,273.08,Chennai,17,1.0,0
TXN000686,CUST0353,220.61,Nagpur,12,1236.07,0
TXN000687,CUST0045,160.6,Jaipur,18,220.62,0
TXN000688,CUST0005,882.2,Jaipur,20,1529.44,0
TXN000689,CUST0363,85.94,Surat,13,1.0,0
TXN000690,CUST0003,1928.73,Bhopal,4,1419.31,0
TXN000691,CUST0143,238.39,Mumbai,11,1.0,0
TXN000692,CUST0056,72.44,Bhopal,13,804.26,0
TXN000693,CUST0211,916.74,Mumbai,11,883.83,0
TXN000694,CUST0416,179.66,Nagpur,8,580.88,0
TXN000695,CUST0317,88.28,Chennai,12,290.99,0
TXN000696,CUST0347,146.72,Bengaluru,9,506.55,0
TXN000697,CUST0149,388.82,Lucknow,21,358.05,0
TXN000698,CUST0319,139.17,Mumbai,7,408.42,0
TXN000699,CUST0328,92.52,Delhi,18,135.68,0
TXN000700,CUST0325,178.94,Hyderabad,16,1.0,0
TXN000701,CUST0473,300.57,Indore,20,1.0,0
TXN000702,CUST0142,448.06,Bhopal,8,1.0,0
TXN000703,CUST0317,174.92,Bengaluru,16,1.0,0
TXN000704,CUST0498,85.35,Kanpur,18,1.0,0
TXN000705,CUST0332,157.54,Bengaluru,12,787.52,0
TXN000706,CUST0166,401.0,Kanpur,20,866.84,0
TXN000707,CUST0183,277.88,Kanpur,16,980.07,0
TXN000708,CUST0292,2168.82,Hong Kong,15,4537.27,1
TXN000709,CUST0181,616.96,"Sydney, Australia",5,1183.06,1
TXN000710,CUST0154,664.83,Kanpur,18,1461.13,0
TXN000711,CUST0223,584.04,Delhi,9,822.34,0
TXN000712,CUST0195,50.38,Lucknow,9,279.03,0
TXN000713,CUST0310,520.74,Chennai,20,1.0,0
TXN000714,CUST0347,68.91,Bengaluru,18,1.0,0
TXN000715,CUST0104,186.9,Kolkata,9,489.57,0
TXN000716,CUST0207,60.12,Pune,20,1.0,0
TXN000717,CUST0084,72.09,Chennai,9,10.98,0
TXN000718,CUST0086,1439.46,"London, UK",9,1116.83,1
TXN000719,CUST0013,354.74,Indore,14,1.0,0
TXN000720,CUST0329,149.08,Nagpur,13,86.05,0
TXN000721,CUST0166,15620.8,"Sydney, Australia",0,27197.91,1
TXN000722,CUST0441,44.27,Kanpur,10,673.42,0
TXN000723,CUST0166,81.86,Hyderabad,16,1.0,0
TXN000724,CUST0410,96.77,Lucknow,21,1.0,0
TXN000725,CUST0245,177.95,Pune,13,1.0,0
TXN000726,CUST0222,572.58,Pune,10,1208.47,0
TXN000727,CUST0383,958.27,Kolkata,15,2429.09,0
TXN000728,CUST0394,1835.04,"Toronto, Canada",16,901.31,1
TXN000729,CUST0142,687.09,Surat,12,575.83,0
TXN000730,CUST0478,41.89,Ahmedabad,10,431.22,0
TXN000731,CUST0017,270.84,Nagpur,4,41.53,0
TXN000732,CUST0313,147.32,Jaipur,6,1038.46,0
TXN000733,CUST0138,115.67,Indore,21,48.99,0
TXN000734,CUST0380,514.36,Surat,4,1.0,0
TXN000735,CUST0310,348.28,Indore,11,669.48,0
TXN000736,CUST0061,108.71,Lucknow,17,1.0,0
TXN000737,CUST0473,59.4,Mumbai,5,136.38,0
TXN000738,CUST0029,101.26,"Paris, France",16,504.52,1
TXN000739,CUST0409,181.81,Kanpur,8,695.57,0
TXN000740,CUST0366,34.2,Ahmedabad,6,326.08,0
TXN000741,CUST0337,44.08,Surat,23,1.0,0
TXN000742,CUST0196,350.92,Bengaluru,14,532.38,0
TXN000743,CUST0405,914.53,Bhopal,17,1680.96,0
TXN000744,CUST0221,218.44,Kanpur,13,1.0,0
TXN000745,CUST0464,323.0,Mumbai,10,1.0,0
TXN000746,CUST0499,1238.11,Bengaluru,8,2422.18,0
TXN000747,CUST0330,393.72,Kolkata,14,522.02,0
TXN000748,CUST0497,76.15,Bengaluru,11,1.0,0
TXN000749,CUST0227,504.07,Ahmedabad,16,1528.07,0
TXN000750,CUST0005,163.64,Kanpur,21,1.0,0
TXN000751,CUST0274,657.94,Indore,13,384.99,0
TXN000752,CUST0084,88.9,Delhi,10,1252.79,0
TXN000753,CUST0112,342.73,Kolkata,18,1.0,0
TXN000754,CUST0271,174.43,Pune,18,1096.18,0
TXN000755,CUST0181,319.19,Delhi,16,296.0,0
TXN000756,CUST0468,418.26,Nagpur,9,1181.58,0
TXN000757,CUST0073,305.98,Ahmedabad,0,106.93,0
TXN000758,CUST0444,160.05,Delhi,7,1.0,0
TXN000759,CUST0191,125.79,Bhopal,10,167.8,0
TXN000760,CUST0233,858.21,Surat,14,1.0,0
TXN000761,CUST0402,419.88,Chennai,17,779.64,0
TXN000762,CUST0330,193.01,Ahmedabad,12,588.81,0
TXN000763,CUST0187,762.59,Pune,17,1542.13,0
TXN000764,CUST0242,34.64,Kanpur,10,423.12,0
TXN000765,CUST0062,422.62,Kolkata,0,610.24,0
TXN000766,CUST0229,51.5,Mumbai,15,286.03,0
TXN000767,CUST0170,239.13,Mumbai,7,1.0,0
TXN000768,CUST0460,6002.06,"London, UK",0,9795.12,1
TXN000769,CUST0185,372.24,"Sydney, Australia",19,587.17,1
TXN000770,CUST0463,370.63,Mumbai,10,708.08,0
TXN000771,CUST0322,452.5,Surat,13,1021.82,0
TXN000772,CUST0488,22.41,Jaipur,19,868.12,0
TXN000773,CUST0118,65.33,Surat,14,691.86,0
TXN000774,CUST0090,157.84,Chennai,18,215.04,0
TXN000775,CUST0456,212.6,Kanpur,11,1.0,0
TXN000776,CUST0169,428.83,Ahmedabad,8,31.14,0
TXN000777,CUST0072,67.13,Pune,21,1.0,0
TXN000778,CUST0303,653.63,Lucknow,9,1232.54,0
TXN000779,CUST0423,107.28,Kolkata,9,79.9,0
TXN000780,CUST0150,263.02,Chennai,21,1.0,0
TXN000781,CUST0176,129.68,Ahmedabad,19,38.78,0
TXN000782,CUST0416,345.24,"Dubai, UAE",16,524.18,1
TXN000783,CUST0236,173.36,Surat,9,340.97,0
TXN000784,CUST0303,202.09,Nagpur,15,876.64,0
TXN000785,CUST0232,240.52,Ahmedabad,19,760.94,0
TXN000786,CUST0264,351.21,Bengaluru,18,1280.8,0
TXN000787,CUST0164,122.17,Nagpur,14,1.0,0
TXN000788,CUST0434,308.24,Mumbai,18,1348.33,0
TXN000789,CUST0150,446.32,Kolkata,13,647.91,0
TXN000790,CUST0066,233.54,Hyderabad,11,1.0,0
TXN000791,CUST0202,64.96,Delhi,15,443.41,0
TXN000792,CUST0187,38.46,Chennai,13,700.1,0
TXN000793,CUST0264,183.72,Mumbai,19,1540.21,0
TXN000794,CUST0103,282.03,Kanpur,14,671.37,0
TXN000795,CUST0234,995.45,Singapore,12,1.0,1
TXN000796,CUST0415,1665.59,"Tokyo, Japan",19,3662.68,1
TXN000797,CUST0292,260.34,Bengaluru,14,1507.28,0
TXN000798,CUST0404,200.21,Surat,12,872.14,0
TXN000799,CUST0098,1161.98,"Paris, France",13,2306.77,1
TXN000800,CUST0377,49.02,Ahmedabad,17,87.11,0
TXN000801,CUST0160,37.42,Delhi,10,1.0,0
TXN000802,CUST0111,295.37,Bengaluru,17,2000.19,0
TXN000803,CUST0037,22.83,Nagpur,18,347.12,0
TXN000804,CUST0332,256.99,Bhopal,21,731.08,0
TXN000805,CUST0189,285.04,Bengaluru,7,17.23,0
TXN000806,CUST0336,115.49,Bengaluru,16,744.1,0
TXN000807,CUST0458,175.64,"New York, USA",20,781.32,1
TXN000808,CUST0314,775.99,"Sydney, Australia",9,617.87,1
TXN000809,CUST0038,1214.41,"Toronto, Canada",6,9.03,1
TXN000810,CUST0498,85.55,Mumbai,11,1346.26,0
TXN000811,CUST0366,290.85,Nagpur,12,498.23,0
TXN000812,CUST0441,1573.43,Hyderabad,9,2881.11,0
TXN000813,CUST0218,188.54,Delhi,21,103.77,0
TXN000814,CUST0307,1178.65,"Paris, France",16,3242.35,1
TXN000815,CUST0343,80.37,Delhi,7,1.0,0
TXN000816,CUST0444,844.81,"Sydney, Australia",17,1336.25,1
TXN000817,CUST0423,1648.57,Mumbai,10,1139.16,0
TXN000818,CUST0218,321.46,Lucknow,14,523.27,0
TXN000819,CUST0368,77.66,Kanpur,18,600.4,0
TXN000820,CUST0418,321.02,Kanpur,17,464.01,0
TXN000821,CUST0184,950.74,"Sydney, Australia",15,1.0,1
TXN000822,CUST0039,220.34,Lucknow,7,604.14,0
TXN000823,CUST0453,465.65,Mumbai,22,700.72,0
TXN000824,CUST0445,39.51,Pune,15,1.0,0
TXN000825,CUST0436,35.06,Jaipur,18,160.0,0
TXN000826,CUST0112,28.72,Bhopal,11,1.0,0
TXN000827,CUST0002,472.4,Delhi,20,335.22,0
TXN000828,CUST0323,2536.89,"Sydney, Australia",9,5874.95,1
TXN000829,CUST0412,260.99,Delhi,7,1.0,0
TXN000830,CUST0239,81.7,Delhi,21,455.9,0
TXN000831,CUST0072,75.33,Delhi,21,557.28,0
TXN000832,CUST0066,42.87,Chennai,5,1.0,0
TXN000833,CUST0166,106.63,Bhopal,10,1.0,0
TXN000834,CUST0188,504.81,Hyderabad,12,137.32,0
TXN000835,CUST0352,101.57,Lucknow,6,269.83,0
TXN000836,CUST0046,144.9,Lucknow,13,1141.19,0
TXN000837,CUST0252,214.05,Kolkata,21,320.0,0
TXN000838,CUST0472,59.3,Kanpur,18,1.0,0
TXN000839,CUST0001,787.71,Kolkata,9,2596.88,0
TXN000840,CUST0134,89.94,Pune,11,71.46,0
TXN000841,CUST0339,90.26,Kolkata,15,1.0,0
TXN000842,CUST0187,1158.07,Lucknow,19,2408.78,0
TXN000843,CUST0462,949.73,Hyderabad,16,2011.64,0
TXN000844,CUST0131,86.98,Indore,15,1.0,0
TXN000845,CUST0487,15725.71,Singapore,10,12700.85,1
TXN000846,CUST0407,314.41,Nagpur,22,1.0,0
TXN000847,CUST0403,389.05,Singapore,17,483.33,1
TXN000848,CUST0361,367.9,Nagpur,17,280.76,0
TXN000849,CUST0424,1066.5,Pune,21,1992.47,0
TXN000850,CUST0060,575.52,Bhopal,11,1050.44,0
TXN000851,CUST0322,52.59,Ahmedabad,13,1115.54,0
TXN000852,CUST0113,12.88,Lucknow,21,899.34,0
TXN000853,CUST0334,435.93,Lucknow,22,621.4,0
TXN000854,CUST0152,309.16,Ahmedabad,15,770.42,0
TXN000855,CUST0256,268.48,Kanpur,15,318.01,0
TXN000856,CUST0195,175.34,Lucknow,10,528.69,0
TXN000857,CUST0145,738.08,Kanpur,12,1080.77,0
TXN000858,CUST0122,326.84,Lucknow,13,982.91,0
TXN000859,CUST0056,83.62,Ahmedabad,19,1399.97,0
TXN000860,CUST0299,675.78,Ahmedabad,19,1126.29,0
TXN000861,CUST0090,103.06,Bhopal,11,108.48,0
TXN000862,CUST0411,945.67,"Frankfurt, Germany",10,1346.69,1
TXN000863,CUST0282,2371.47,"Sydney, Australia",12,3516.43,1
TXN000864,CUST0050,210.61,Bhopal,10,1.0,0
TXN000865,CUST0428,84.81,Jaipur,12,577.23,0
TXN000866,CUST0217,556.66,Bhopal,10,1524.24,0
TXN000867,CUST0290,85.01,Lucknow,20,1.0,0
TXN000868,CUST0044,147.7,Chennai,15,410.8,0
TXN000869,CUST0461,183.94,Lucknow,20,1.0,0
TXN000870,CUST0210,146.3,Mumbai,22,1.0,0
TXN000871,CUST0235,356.3,Indore,20,451.29,0
TXN000872,CUST0234,241.38,"Paris, France",16,791.17,1
TXN000873,CUST0119,264.99,Indore,14,727.4,0
TXN000874,CUST0210,1696.44,"Toronto, Canada",9,2744.92,1
TXN000875,CUST0281,373.84,Mumbai,22,872.76,0
TXN000876,CUST0080,204.86,Nagpur,19,1066.6,0
TXN000877,CUST0011,140.44,"Tokyo, Japan",17,697.84,1
TXN000878,CUST0010,69.38,Kolkata,8,640.89,0
TXN000879,CUST0088,69.8,Bhopal,10,424.29,0
TXN000880,CUST0269,65.25,Surat,16,1067.52,0
TXN000881,CUST0266,290.11,Bengaluru,9,1841.52,0
TXN000882,CUST0187,460.98,Kanpur,0,676.71,0
TXN000883,CUST0355,42.29,Mumbai,9,95.86,0
TXN000884,CUST0094,54.6,Kolkata,11,107.59,0
TXN000885,CUST0402,235.88,Ahmedabad,9,405.99,0
TXN000886,CUST0395,111.9,Indore,8,503.58,0
TXN000887,CUST0198,92.68,Kolkata,18,802.93,0
TXN000888,CUST0034,463.12,Lucknow,15,316.2,0
TXN000889,CUST0205,274.68,Ahmedabad,13,86.8,0
TXN000890,CUST0035,49.43,Delhi,10,417.05,0
TXN000891,CUST0024,3214.73,Surat,9,4508.66,0
TXN000892,CUST0432,153.86,Delhi,19,1.0,0
TXN000893,CUST0093,41.51,Lucknow,20,729.56,0
TXN000894,CUST0345,703.5,"Sydney, Australia",22,1377.98,1
TXN000895,CUST0167,893.1,Hyderabad,13,1497.28,0
TXN000896,CUST0298,936.17,Nagpur,2,1580.52,0
TXN000897,CUST0039,865.29,Kolkata,0,731.87,0
TXN000898,CUST0349,473.29,Bengaluru,13,847.17,0
TXN000899,CUST0100,1347.51,"Frankfurt, Germany",9,766.27,1
TXN000900,CUST0150,294.89,Bhopal,17,51.04,0
TXN000901,CUST0350,437.82,"New York, USA",7,434.67,1
TXN000902,CUST0218,514.57,Kolkata,12,145.27,0
TXN000903,CUST0367,173.37,"Dubai, UAE",1,651.49,1
TXN000904,CUST0358,68.5,Delhi,18,1.0,0
TXN000905,CUST0060,160.21,Mumbai,13,698.86,0
TXN000906,CUST0083,122.66,Delhi,14,444.89,0
TXN000907,CUST0478,124.28,Mumbai,19,518.19,0
TXN000908,CUST0304,205.9,Delhi,9,637.53,0
TXN000909,CUST0098,682.22,"Sydney, Australia",20,784.29,1
TXN000910,CUST0396,262.28,Pune,12,445.52,0
TXN000911,CUST0285,170.58,Kanpur,19,1.0,0
TXN000912,CUST0156,81.77,Mumbai,19,1.0,0
TXN000913,CUST0420,51.37,Chennai,7,924.13,0
TXN000914,CUST0485,142.3,Hyderabad,11,596.83,0
TXN000915,CUST0027,61.96,Hyderabad,6,29.8,0
TXN000916,CUST0012,102.59,Lucknow,15,1.0,0
TXN000917,CUST0197,457.08,Jaipur,19,860.4,0
TXN000918,CUST0035,450.14,"Dubai, UAE",22,422.39,1
TXN000919,CUST0419,115.77,Jaipur,7,237.56,0
TXN000920,CUST0373,151.98,Bengaluru,8,1.0,0
TXN000921,CUST0062,1301.31,"Frankfurt, Germany",8,134.21,1
TXN000922,CUST0042,178.68,Kanpur,15,255.31,0
TXN000923,CUST0466,99.38,Indore,23,1.0,0
TXN000924,CUST0141,260.1,Indore,7,674.08,0
TXN000925,CUST0227,137.72,Delhi,10,591.51,0
TXN000926,CUST0327,565.04,"Dubai, UAE",7,803.83,1
TXN000927,CUST0439,459.37,Mumbai,6,796.54,0
TXN000928,CUST0349,47.97,Kanpur,20,286.25,0
TXN000929,CUST0245,22.76,Mumbai,13,1.0,0
TXN000930,CUST0450,265.54,Kolkata,18,1406.89,0
TXN000931,CUST0071,205.65,Indore,5,1099.35,0
TXN000932,CUST0152,430.94,Bengaluru,11,800.04,0
TXN000933,CUST0439,104.76,Jaipur,7,1.0,0
TXN000934,CUST0483,331.47,Delhi,11,124.96,0
TXN000935,CUST0147,79.9,Kanpur,23,1.0,0
TXN000936,CUST0392,856.61,Bengaluru,8,1006.24,0
TXN000937,CUST0465,85.63,Delhi,16,1.0,0
TXN000938,CUST0093,62.03,Mumbai,14,343.8,0
TXN000939,CUST0494,201.09,Kanpur,10,1.0,0
TXN000940,CUST0389,65.14,Bengaluru,19,1.0,0
TXN000941,CUST0180,1482.7,"Tokyo, Japan",11,254.69,1
TXN000942,CUST0199,1061.91,Hyderabad,19,1758.28,0
TXN000943,CUST0032,94.85,Bengaluru,15,1.0,0
TXN000944,CUST0253,90.66,Surat,21,687.2,0
TXN000945,CUST0240,341.44,"Frankfurt, Germany",13,918.65,1
TXN000946,CUST0217,349.15,Mumbai,17,360.65,0
TXN000947,CUST0482,336.42,Kolkata,10,120.3,0
TXN000948,CUST0493,973.09,Ahmedabad,12,2651.57,0
TXN000949,CUST0046,137.85,Bengaluru,19,737.18,0
TXN000950,CUST0340,142.48,Kanpur,12,418.21,0
TXN000951,CUST0440,146.37,Indore,8,233.32,0
TXN000952,CUST0180,209.97,Chennai,11,1.0,0
TXN000953,CUST0490,522.64,Mumbai,16,384.99,0
TXN000954,CUST0156,110.43,Kanpur,7,1.0,0
TXN000955,CUST0479,307.39,Bengaluru,17,527.72,0
TXN000956,CUST0248,754.45,Bengaluru,18,1736.21,0
TXN000957,CUST0348,449.86,Surat,18,1.0,0
TXN000958,CUST0298,705.71,"Paris, France",18,1842.54,1
TXN000959,CUST0417,279.93,Chennai,12,776.07,0
TXN000960,CUST0034,152.47,Indore,15,788.25,0
TXN000961,CUST0429,569.42,Kolkata,21,4.66,0
TXN000962,CUST0096,293.77,Surat,10,524.35,0
TXN000963,CUST0136,402.23,Ahmedabad,14,1.0,0
TXN000964,CUST0469,133.58,Chennai,14,858.21,0
TXN000965,CUST0348,39.38,Chennai,14,73.86,0
TXN000966,CUST0038,401.06,Bhopal,10,509.2,0
TXN000967,CUST0424,468.39,"New York, USA",18,1212.84,1
TXN000968,CUST0205,342.9,Bhopal,4,964.96,0
TXN000969,CUST0463,530.04,Jaipur,18,1479.72,0
TXN000970,CUST0171,13.89,Lucknow,16,1.0,0
TXN000971,CUST0179,729.83,"Sydney, Australia",13,205.33,1
TXN000972,CUST0453,141.62,Jaipur,18,1.0,0
TXN000973,CUST0015,211.32,Pune,19,1.0,0
TXN000974,CUST0195,172.69,Indore,18,1.0,0
TXN000975,CUST0286,97.77,Delhi,9,747.96,0
TXN000976,CUST0342,79.77,Surat,11,142.38,0
TXN000977,CUST0050,81.74,Bengaluru,15,575.96,0
TXN000978,CUST0332,414.04,Hyderabad,16,667.57,0
TXN000979,CUST0014,268.6,Bengaluru,9,478.05,0
TXN000980,CUST0275,49.2,Kanpur,5,368.16,0
TXN000981,CUST0319,172.22,Pune,15,151.8,0
TXN000982,CUST0355,5351.18,Jaipur,2,5345.47,0
TXN000983,CUST0072,349.69,Surat,16,119.09,0
TXN000984,CUST0327,606.38,Indore,22,1421.52,0
TXN000985,CUST0319,228.36,Pune,9,961.28,0
TXN000986,CUST0052,346.72,Ahmedabad,21,507.98,0
TXN000987,CUST0366,348.73,Mumbai,11,412.42,0
TXN000988,CUST0100,155.2,Bengaluru,9,42.5,0
TXN000989,CUST0353,183.02,Kanpur,15,1225.71,0
TXN000990,CUST0372,1816.68,Kanpur,12,1527.91,0
TXN000991,CUST0136,239.8,Hyderabad,9,1.0,0
TXN000992,CUST0257,1191.64,Bengaluru,12,1144.81,0
TXN000993,CUST0452,174.57,Delhi,9,205.87,0
TXN000994,CUST0422,89.5,Indore,13,718.97,0
TXN000995,CUST0118,87.85,Indore,18,1.0,0
TXN000996,CUST0186,94.61,Ahmedabad,17,1.0,0
TXN000997,CUST0198,603.44,Hong Kong,14,1193.48,1
TXN000998,CUST0364,104.37,Pune,10,1.0,0
TXN000999,CUST0474,2520.71,Singapore,4,1855.23,1
TXN001000,CUST0094,66.84,Bhopal,8,1163.66,0
TXN001001,CUST0425,132.38,Kolkata,20,46.95,0
TXN001002,CUST0416,54.34,Lucknow,10,559.44,0
TXN001003,CUST0431,301.6,Surat,17,143.9,0
TXN001004,CUST0165,56.72,Lucknow,9,206.8,0
TXN001005,CUST0488,218.1,Kanpur,10,585.7,0
TXN001006,CUST0478,107.24,Surat,16,2.75,0
TXN001007,CUST0077,655.07,"London, UK",11,1838.34,1
TXN001008,CUST0266,155.13,Hyderabad,13,660.9,0
TXN001009,CUST0371,97.49,Surat,9,340.75,0
TXN001010,CUST0382,83.0,Chennai,20,485.67,0
TXN001011,CUST0291,101.82,Kanpur,15,1.0,0
TXN001012,CUST0458,710.3,"Tokyo, Japan",18,1207.72,1
TXN001013,CUST0086,977.2,"Dubai, UAE",8,1406.92,1
TXN001014,CUST0022,263.54,Indore,19,651.09,0
TXN001015,CUST0080,323.42,Bhopal,11,867.66,0
TXN001016,CUST0032,172.57,Lucknow,12,1.0,0
TXN001017,CUST0355,167.93,Mumbai,15,1.0,0
TXN001018,CUST0349,373.37,Jaipur,15,871.96,0
TXN001019,CUST0230,83.97,Pune,10,123.34,0
TXN001020,CUST0325,189.96,Jaipur,17,404.08,0
TXN001021,CUST0470,259.59,"Frankfurt, Germany",12,221.42,1
TXN001022,CUST0013,665.25,Pune,14,1299.9,0
TXN001023,CUST0321,868.99,Surat,21,2447.57,0
TXN001024,CUST0175,706.52,Kanpur,11,1089.48,0
TXN001025,CUST0367,163.51,Chennai,12,892.81,0
TXN001026,CUST0053,352.4,Hyderabad,14,1.0,0
TXN001027,CUST0040,381.05,Bengaluru,17,888.66,0
TXN001028,CUST0040,245.18,Bhopal,12,1.0,0
TXN001029,CUST0454,15.61,Nagpur,14,1.0,0
TXN001030,CUST0400,227.59,Jaipur,13,32.96,0
TXN001031,CUST0271,340.55,Chennai,4,1.0,0
TXN001032,CUST0161,216.68,"Frankfurt, Germany",7,706.91,1
TXN001033,CUST0287,181.5,Mumbai,18,314.55,0
TXN001034,CUST0361,259.37,"Toronto, Canada",19,294.68,1
TXN001035,CUST0046,325.55,Hyderabad,20,1645.78,0
TXN001036,CUST0489,95.34,Bengaluru,9,401.82,0
TXN001037,CUST0206,420.73,Bengaluru,10,717.47,0
TXN001038,CUST0462,2567.09,"Frankfurt, Germany",17,4846.04,1
TXN001039,CUST0061,2007.74,"Sydney, Australia",13,1904.24,1
TXN001040,CUST0252,117.78,Lucknow,20,728.92,0
TXN001041,CUST0358,261.97,Hong Kong,16,110.58,1
TXN001042,CUST0437,131.09,Chennai,8,790.95,0
TXN001043,CUST0102,224.92,Mumbai,15,1229.4,0
TXN001044,CUST0128,182.03,Bhopal,20,630.46,0
TXN001045,CUST0272,227.02,Bhopal,11,377.33,0
TXN001046,CUST0293,28.6,Bengaluru,13,94.28,0
TXN001047,CUST0259,92.66,Kanpur,20,1.0,0
TXN001048,CUST0452,142.11,Indore,8,1.0,0
TXN001049,CUST0227,88.63,Bengaluru,18,252.54,0
TXN001050,CUST0415,124.68,Ahmedabad,21,1.0,0
TXN001051,CUST0205,181.7,Ahmedabad,20,280.39,0
TXN001052,CUST0378,206.0,Kolkata,19,650.25,0
TXN001053,CUST0067,538.79,Chennai,5,182.7,0
TXN001054,CUST0115,936.39,"London, UK",7,1133.37,1
TXN001055,CUST0186,396.56,Kanpur,8,555.09,0
TXN001056,CUST0281,149.34,Kanpur,22,447.31,0
TXN001057,CUST0119,184.7,Delhi,14,1.0,0
TXN001058,CUST0202,2029.04,"Sydney, Australia",15,382.34,1
TXN001059,CUST0415,416.15,Kanpur,8,1.0,0
TXN001060,CUST0494,299.44,Surat,15,402.74,0
TXN001061,CUST0212,41.53,Ahmedabad,9,1.0,0
TXN001062,CUST0375,970.93,"Paris, France",21,1904.86,1
TXN001063,CUST0211,198.98,Kolkata,19,1432.32,0
TXN001064,CUST0356,57.66,Lucknow,23,581.66,0
TXN001065,CUST0497,59.61,Ahmedabad,15,1.0,0
TXN001066,CUST0128,97.71,Pune,21,485.11,0
TXN001067,CUST0081,428.61,"Dubai, UAE",9,790.29,1
TXN001068,CUST0327,41.42,Kolkata,8,1.0,0
TXN001069,CUST0490,967.38,Lucknow,9,1484.93,0
TXN001070,CUST0120,891.37,Hyderabad,13,1393.87,0
TXN001071,CUST0442,522.96,Pune,4,548.72,0
TXN001072,CUST0374,273.12,Ahmedabad,8,790.53,0
TXN001073,CUST0494,262.15,Nagpur,8,230.88,0
TXN001074,CUST0262,169.48,Bengaluru,17,173.2,0
TXN001075,CUST0478,1049.32,"Paris, France",14,1046.83,1
TXN001076,CUST0200,301.21,Kanpur,18,259.39,0
TXN001077,CUST0499,118.59,Lucknow,6,1.0,0
TXN001078,CUST0490,243.98,Chennai,21,343.26,0
TXN001079,CUST0430,36.44,Bhopal,10,836.93,0
TXN001080,CUST0348,1035.0,Kanpur,22,1582.21,0
TXN001081,CUST0162,57.42,Lucknow,19,615.76,0
TXN001082,CUST0088,132.87,Nagpur,16,1.0,0
TXN001083,CUST0385,46.01,Chennai,11,389.34,0
TXN001084,CUST0166,360.79,Nagpur,12,1.0,0
TXN001085,CUST0187,391.24,Bengaluru,20,769.25,0
TXN001086,CUST0061,5773.58,Ahmedabad,21,3095.68,0
TXN001087,CUST0464,461.43,Ahmedabad,10,833.43,0
TXN001088,CUST0042,608.19,Pune,8,833.75,0
TXN001089,CUST0126,115.84,Ahmedabad,10,1.0,0
TXN001090,CUST0487,98.88,Bengaluru,16,213.57,0
TXN001091,CUST0222,249.73,Kanpur,22,522.01,0
TXN001092,CUST0264,621.34,"Sydney, Australia",15,1.0,1
TXN001093,CUST0106,121.15,Surat,6,425.71,0
TXN001094,CUST0135,470.63,Jaipur,9,63.5,0
TXN001095,CUST0120,79.66,Nagpur,17,345.68,0
TXN001096,CUST0180,100.93,Lucknow,18,357.82,0
TXN001097,CUST0489,903.18,Kolkata,18,1.0,0
TXN001098,CUST0452,50.51,Surat,9,494.5,0
TXN001099,CUST0456,54.49,Hyderabad,21,1.0,0
TXN001100,CUST0195,110.03,Bhopal,14,1.0,0
TXN001101,CUST0038,181.76,Hyderabad,6,1.0,0
TXN001102,CUST0287,67.72,Bhopal,10,612.68,0
TXN001103,CUST0286,707.85,Delhi,22,1.0,0
TXN001104,CUST0436,34.72,Bhopal,17,1.0,0
TXN001105,CUST0495,142.13,Bhopal,19,531.59,0
TXN001106,CUST0282,1502.71,"Sydney, Australia",15,1698.54,1
TXN001107,CUST0453,64.66,Nagpur,9,1.0,0
TXN001108,CUST0477,120.94,Pune,19,599.01,0
TXN001109,CUST0500,17.77,Delhi,11,81.35,0
TXN001110,CUST0150,14.18,Mumbai,18,1.0,0
TXN001111,CUST0077,311.96,Bengaluru,20,1.0,0
TXN001112,CUST0284,124.15,Chennai,16,457.59,0
TXN001113,CUST0036,89.37,Mumbai,8,1289.05,0
TXN001114,CUST0222,122.57,Bhopal,10,795.67,0
TXN001115,CUST0016,164.54,Ahmedabad,8,629.06,0
TXN001116,CUST0474,511.94,Indore,16,403.28,0
TXN001117,CUST0299,43.88,Jaipur,10,396.26,0
TXN001118,CUST0304,642.18,Kanpur,17,686.47,0
TXN001119,CUST0118,126.07,Bengaluru,10,1.0,0
TXN001120,CUST0079,236.24,Delhi,18,1.0,0
TXN001121,CUST0365,287.11,Delhi,20,15.6,0
TXN001122,CUST0474,1195.86,Lucknow,16,616.69,0
TXN001123,CUST0094,291.25,Singapore,8,1009.63,1
TXN001124,CUST0118,63.65,Kolkata,6,1.0,0
TXN001125,CUST0284,38.48,Bhopal,16,1.0,0
TXN001126,CUST0355,112.84,Indore,13,73.51,0
TXN001127,CUST0365,140.28,Pune,21,560.19,0
TXN001128,CUST0126,85.15,Bhopal,22,186.23,0
TXN001129,CUST0492,231.08,Kolkata,13,553.78,0
TXN001130,CUST0471,672.48,Indore,19,911.57,0
TXN001131,CUST0310,95.99,Jaipur,8,442.03,0
TXN001132,CUST0289,215.7,Indore,15,587.74,0
TXN001133,CUST0459,537.36,Singapore,16,890.72,1
TXN001134,CUST0193,594.96,Hyderabad,9,381.11,0
TXN001135,CUST0458,283.84,Surat,10,556.47,0
TXN001136,CUST0275,112.59,Kanpur,17,48.9,0
TXN001137,CUST0184,80.87,Ahmedabad,13,1.0,0
TXN001138,CUST0029,1503.97,"Tokyo, Japan",14,4046.03,1
TXN001139,CUST0055,234.41,Chennai,15,516.97,0
TXN001140,CUST0466,32.17,Mumbai,13,1.0,0
TXN001141,CUST0335,473.27,Pune,15,949.23,0
TXN001142,CUST0233,435.87,Pune,15,341.09,0
TXN001143,CUST0239,1349.36,Chennai,19,2887.67,0
TXN001144,CUST0486,340.06,Jaipur,0,1.0,0
TXN001145,CUST0177,74.97,Surat,16,1063.03,0
TXN001146,CUST0346,884.41,Singapore,12,991.13,1
TXN001147,CUST0074,524.46,Delhi,20,318.19,0
TXN001148,CUST0030,89.29,Hyderabad,16,194.08,0
TXN001149,CUST0187,195.07,Nagpur,22,1.0,0
TXN001150,CUST0166,154.74,Lucknow,15,1.0,0
TXN001151,CUST0284,28.12,Delhi,5,1.0,0
TXN001152,CUST0350,37.17,Bhopal,7,1.0,0
TXN001153,CUST0455,362.45,Indore,14,138.62,0
TXN001154,CUST0274,137.71,Jaipur,9,701.78,0
TXN001155,CUST0027,80.52,Indore,19,1.0,0
TXN001156,CUST0136,213.65,Chennai,12,138.31,0
TXN001157,CUST0487,24.65,Lucknow,20,389.33,0
TXN001158,CUST0441,1462.49,Delhi,17,551.11,0
TXN001159,CUST0376,238.28,Nagpur,12,67.18,0
TXN001160,CUST0297,977.97,Kanpur,15,2183.11,0
TXN001161,CUST0217,11.45,Delhi,8,657.5,0
TXN001162,CUST0115,67.95,"Toronto, Canada",18,600.52,1
TXN001163,CUST0368,477.21,Delhi,4,949.81,0
TXN001164,CUST0095,6.15,Ahmedabad,10,1280.7,0
TXN001165,CUST0310,561.91,Jaipur,22,34.57,0
TXN001166,CUST0007,1073.88,Singapore,1,1499.51,1
TXN001167,CUST0205,2208.38,"New York, USA",12,1892.12,1
TXN001168,CUST0107,120.36,Surat,17,825.5,0
TXN001169,CUST0312,101.56,Ahmedabad,13,653.23,0
TXN001170,CUST0316,52.64,Bhopal,7,89.86,0
TXN001171,CUST0136,170.78,Pune,15,316.99,0
TXN001172,CUST0462,35.93,Ahmedabad,9,167.65,0
TXN001173,CUST0322,210.36,Nagpur,17,15.69,0
TXN001174,CUST0437,90.6,Delhi,7,1.0,0
TXN001175,CUST0461,569.93,Delhi,22,1472.82,0
TXN001176,CUST0466,931.77,Indore,11,1557.23,0
TXN001177,CUST0328,34.66,Kanpur,21,1.0,0
TXN001178,CUST0181,45.34,Kanpur,21,569.27,0
TXN001179,CUST0052,97.78,Jaipur,12,627.79,0
TXN001180,CUST0061,233.13,Kolkata,21,908.3,0
TXN001181,CUST0426,58.67,Surat,14,379.78,0
TXN001182,CUST0217,280.92,Chennai,5,225.77,0
TXN001183,CUST0015,562.95,Kolkata,15,665.2,0
TXN001184,CUST0199,93.89,Kanpur,9,266.51,0
TXN001185,CUST0330,176.35,Kanpur,9,658.19,0
TXN001186,CUST0345,57.99,Jaipur,13,1262.71,0
TXN001187,CUST0209,412.5,Hyderabad,12,1056.11,0
TXN001188,CUST0009,63.42,Nagpur,22,573.45,0
TXN001189,CUST0052,375.92,Chennai,18,1.0,0
TXN001190,CUST0368,61.33,Nagpur,15,441.86,0
TXN001191,CUST0429,1311.83,Hyderabad,11,900.27,0
TXN001192,CUST0116,738.22,Bhopal,11,1111.01,0
TXN001193,CUST0298,101.8,Chennai,6,1.0,0
TXN001194,CUST0323,47.29,Chennai,12,169.62,0
TXN001195,CUST0082,1612.75,"Dubai, UAE",20,2977.89,1
TXN001196,CUST0068,388.65,"Toronto, Canada",18,865.01,1
TXN001197,CUST0268,256.24,"Paris, France",15,1.0,1
TXN001198,CUST0480,4713.92,Lucknow,1,6130.2,0
TXN001199,CUST0474,650.5,Singapore,14,1386.39,1
TXN001200,CUST0092,674.16,Kolkata,20,937.3,0
TXN001201,CUST0223,270.85,Kolkata,13,390.69,0
TXN001202,CUST0133,946.33,Indore,8,1385.98,0
TXN001203,CUST0203,222.9,Pune,11,170.55,0
TXN001204,CUST0479,1679.19,Ahmedabad,8,1760.7,0
TXN001205,CUST0321,462.87,Hyderabad,17,165.81,0
TXN001206,CUST0203,739.88,Nagpur,17,1347.06,0
TXN001207,CUST0360,484.56,Delhi,13,1205.07,0
TXN001208,CUST0136,225.51,Nagpur,8,484.25,0
TXN001209,CUST0121,254.13,Chennai,8,1018.67,0
TXN001210,CUST0165,1713.87,Singapore,18,3224.1,1
TXN001211,CUST0060,166.35,"Toronto, Canada",21,497.03,1
TXN001212,CUST0071,138.83,Lucknow,10,1.0,0
TXN001213,CUST0030,254.29,Nagpur,15,266.57,0
TXN001214,CUST0105,405.34,Chennai,9,1068.33,0
TXN001215,CUST0299,481.0,Nagpur,20,1701.65,0
TXN001216,CUST0278,759.49,Jaipur,19,1024.44,0
TXN001217,CUST0451,171.77,Nagpur,13,875.28,0
TXN001218,CUST0369,82.36,Surat,17,1295.95,0
TXN001219,CUST0481,139.77,Mumbai,19,264.94,0
TXN001220,CUST0187,79.72,Lucknow,17,520.94,0
TXN001221,CUST0140,53.66,Ahmedabad,8,101.33,0
TXN001222,CUST0156,82.0,Bhopal,6,33.29,0
TXN001223,CUST0192,48.97,Jaipur,21,291.67,0
TXN001224,CUST0080,102.19,Mumbai,22,127.03,0
TXN001225,CUST0211,300.96,Hyderabad,17,276.98,0
TXN001226,CUST0228,539.53,Surat,17,95.85,0
TXN001227,CUST0372,53.56,Nagpur,4,1166.85,0
TXN001228,CUST0309,189.19,"Toronto, Canada",13,771.86,1
TXN001229,CUST0033,1125.17,Bhopal,7,2190.85,0
TXN001230,CUST0085,580.18,Pune,19,1.0,0
TXN001231,CUST0257,339.31,Mumbai,13,267.4,0
TXN001232,CUST0128,115.42,Bengaluru,6,187.92,0
TXN001233,CUST0284,1164.86,Hong Kong,19,1788.86,1
TXN001234,CUST0073,178.44,Chennai,18,486.95,0
TXN001235,CUST0294,73.07,Indore,23,1.0,0
TXN001236,CUST0032,108.62,Jaipur,11,1.0,0
TXN001237,CUST0041,102.96,Ahmedabad,2,212.74,0
TXN001238,CUST0438,877.0,Ahmedabad,10,1955.0,0
TXN001239,CUST0062,77.13,Jaipur,17,1.0,0
TXN001240,CUST0190,208.31,Kolkata,12,1.0,0
TXN001241,CUST0083,251.74,Surat,10,1.0,0
TXN001242,CUST0187,145.8,Hyderabad,18,1.0,0
TXN001243,CUST0291,114.37,Mumbai,15,115.84,0
TXN001244,CUST0069,216.98,Pune,9,445.94,0
TXN001245,CUST0312,35.14,Chennai,19,1.57,0
TXN001246,CUST0375,108.72,Jaipur,7,1.0,0
TXN001247,CUST0139,45.14,Lucknow,11,1.0,0
TXN001248,CUST0259,262.06,Nagpur,19,1.0,0
TXN001249,CUST0045,145.18,Lucknow,4,1.0,0
TXN001250,CUST0458,1144.55,Delhi,14,2282.11,0
TXN001251,CUST0311,23.81,Delhi,16,19.79,0
TXN001252,CUST0442,78.03,Delhi,6,1.0,0
TXN001253,CUST0436,176.27,Delhi,8,10.11,0
TXN001254,CUST0441,782.16,"New York, USA",14,841.42,1
TXN001255,CUST0095,141.66,Kanpur,21,76.18,0
TXN001256,CUST0163,217.47,Kolkata,15,978.36,0
TXN001257,CUST0176,696.17,"London, UK",22,1329.67,1
TXN001258,CUST0333,203.14,Indore,11,1.0,0
TXN001259,CUST0433,105.07,Ahmedabad,15,1.0,0
TXN001260,CUST0183,118.47,Kanpur,22,4.36,0
TXN001261,CUST0079,606.01,Surat,19,653.24,0
TXN001262,CUST0101,87.78,Surat,20,494.66,0
TXN001263,CUST0192,184.77,Surat,21,416.47,0
TXN001264,CUST0385,395.12,Pune,17,1222.45,0
TXN001265,CUST0150,252.11,Pune,11,982.63,0
TXN001266,CUST0347,309.02,Nagpur,7,1000.92,0
TXN001267,CUST0319,124.78,Nagpur,19,1.0,0
TXN001268,CUST0196,292.76,Kolkata,8,460.19,0
TXN001269,CUST0236,72.53,Nagpur,22,568.37,0
TXN001270,CUST0221,204.69,Mumbai,19,227.67,0
TXN001271,CUST0469,182.95,Surat,14,744.96,0
TXN001272,CUST0275,659.39,Bhopal,0,1712.29,0
TXN001273,CUST0184,50.2,Nagpur,7,3.09,0
TXN001274,CUST0381,51.74,Bhopal,12,237.57,0
TXN001275,CUST0478,296.05,Nagpur,11,145.2,0
TXN001276,CUST0121,169.17,Jaipur,15,390.73,0
TXN001277,CUST0040,297.9,Hong Kong,7,1.0,1
TXN001278,CUST0238,502.17,Ahmedabad,17,1515.13,0
TXN001279,CUST0276,113.65,Surat,21,8.97,0
TXN001280,CUST0166,72.67,Nagpur,18,71.6,0
TXN001281,CUST0236,114.54,Bengaluru,12,18.17,0
TXN001282,CUST0207,217.03,Kolkata,21,1.0,0
TXN001283,CUST0484,281.6,Lucknow,8,600.33,0
TXN001284,CUST0358,17.41,Kolkata,12,469.81,0
TXN001285,CUST0438,844.55,"Paris, France",20,2534.84,1
TXN001286,CUST0219,127.87,Bhopal,13,1.0,0
TXN001287,CUST0063,3663.52,"London, UK",12,5680.31,1
TXN001288,CUST0139,212.6,Kanpur,9,312.21,0
TXN001289,CUST0041,1182.68,"Paris, France",12,2611.36,1
TXN001290,CUST0171,240.23,Hyderabad,6,1.0,0
TXN001291,CUST0463,189.61,Ahmedabad,12,920.57,0
TXN001292,CUST0253,185.23,Lucknow,12,1236.03,0
TXN001293,CUST0460,154.62,Lucknow,17,1.0,0
TXN001294,CUST0334,105.49,Hyderabad,16,432.13,0
TXN001295,CUST0268,7075.82,Jaipur,18,15240.2,0
TXN001296,CUST0380,2422.5,"Tokyo, Japan",3,1344.13,1
TXN001297,CUST0336,223.8,Bengaluru,8,530.84,0
TXN001298,CUST0329,18.22,Surat,21,1.0,0
TXN001299,CUST0096,333.65,Indore,18,750.29,0
TXN001300,CUST0088,1788.25,Mumbai,15,4070.9,0
TXN001301,CUST0070,760.03,Lucknow,17,1243.19,0
TXN001302,CUST0187,894.46,"Tokyo, Japan",21,148.77,1
TXN001303,CUST0065,91.9,Mumbai,8,1.0,0
TXN001304,CUST0274,208.53,"Sydney, Australia",8,1.0,1
TXN001305,CUST0160,480.61,Lucknow,0,949.64,0
TXN001306,CUST0127,326.55,Pune,14,180.96,0
TXN001307,CUST0496,127.94,Bengaluru,14,462.83,0
TXN001308,CUST0313,62.37,Kanpur,18,671.19,0
TXN001309,CUST0252,126.1,Kolkata,17,664.32,0
TXN001310,CUST0266,20.74,Indore,10,1.0,0
TXN001311,CUST0197,278.79,Bhopal,11,449.37,0
TXN001312,CUST0047,91.71,Singapore,6,778.05,1
TXN001313,CUST0456,481.31,Indore,14,112.71,0
TXN001314,CUST0376,560.15,Surat,5,801.89,0
TXN001315,CUST0289,134.92,Bhopal,8,708.87,0
TXN001316,CUST0476,532.06,Mumbai,7,200.81,0
TXN001317,CUST0332,125.71,Ahmedabad,13,474.89,0
TXN001318,CUST0075,603.31,Surat,10,665.75,0
TXN001319,CUST0244,633.33,"London, UK",13,893.89,1
TXN001320,CUST0370,1257.81,Kolkata,9,368.98,0
TXN001321,CUST0112,41.3,Ahmedabad,7,1.0,0
TXN001322,CUST0415,757.13,Hyderabad,15,1487.1,0
TXN001323,CUST0297,164.56,Nagpur,18,1106.94,0
TXN001324,CUST0472,63.79,Kanpur,12,1.0,0
TXN001325,CUST0493,217.74,Indore,19,1.0,0
TXN001326,CUST0053,495.76,Jaipur,16,1535.1,0
TXN001327,CUST0416,91.48,Kolkata,17,40.49,0
TXN001328,CUST0095,314.94,Ahmedabad,17,1366.23,0
TXN001329,CUST0231,1083.89,Kolkata,23,1537.35,0
TXN001330,CUST0492,63.94,Surat,21,1.0,0
TXN001331,CUST0028,877.76,Indore,19,620.79,0
TXN001332,CUST0217,561.3,Kolkata,23,1528.85,0
TXN001333,CUST0240,672.85,Jaipur,22,1080.07,0
TXN001334,CUST0410,104.01,Ahmedabad,11,1.0,0
TXN001335,CUST0204,102.94,Ahmedabad,11,1.0,0
TXN001336,CUST0368,616.21,Delhi,8,1621.79,0
TXN001337,CUST0438,303.79,Ahmedabad,8,1.0,0
TXN001338,CUST0055,323.68,Ahmedabad,14,771.56,0
TXN001339,CUST0408,340.19,Lucknow,19,457.41,0
TXN001340,CUST0073,55.63,Bhopal,17,1.0,0
TXN001341,CUST0425,482.3,Surat,13,305.57,0
TXN001342,CUST0220,185.34,"Dubai, UAE",19,67.9,1
TXN001343,CUST0110,309.62,Hyderabad,14,188.56,0
TXN001344,CUST0216,516.15,Kolkata,11,49.66,0
TXN001345,CUST0409,133.26,Indore,18,1.0,0
TXN001346,CUST0271,52.38,Kolkata,22,1.0,0
TXN001347,CUST0365,118.27,Chennai,12,971.12,0
TXN001348,CUST0014,79.35,Chennai,15,425.99,0
TXN001349,CUST0248,224.4,Indore,10,521.54,0
TXN001350,CUST0008,36.66,Bengaluru,15,1.0,0
TXN001351,CUST0022,77.5,"London, UK",19,52.59,1
TXN001352,CUST0344,109.54,Pune,8,1.0,0
TXN001353,CUST0473,215.87,Pune,19,338.72,0
TXN001354,CUST0285,680.99,Surat,17,1331.96,0
TXN001355,CUST0271,819.26,Jaipur,19,1888.23,0
TXN001356,CUST0474,92.58,Jaipur,11,1.0,0
TXN001357,CUST0247,858.23,Kanpur,20,1711.25,0
TXN001358,CUST0189,373.7,"Paris, France",8,56.96,1
TXN001359,CUST0167,179.51,Surat,14,801.42,0
TXN001360,CUST0024,208.69,Delhi,12,1100.45,0
TXN001361,CUST0460,56.99,Surat,14,1.0,0
TXN001362,CUST0472,33.59,Kanpur,13,561.86,0
TXN001363,CUST0426,748.33,Nagpur,22,82.73,0
TXN001364,CUST0244,73.1,Nagpur,7,686.66,0
TXN001365,CUST0197,514.57,Bhopal,17,1269.23,0
TXN001366,CUST0269,221.55,Chennai,10,1.0,0
TXN001367,CUST0030,291.76,Ahmedabad,12,440.01,0
TXN001368,CUST0441,431.12,Delhi,11,1177.32,0
TXN001369,CUST0094,601.38,Hong Kong,23,1411.16,1
TXN001370,CUST0477,507.3,Delhi,8,212.4,0
TXN001371,CUST0274,1192.13,"Tokyo, Japan",11,1587.83,1
TXN001372,CUST0016,12.9,Ahmedabad,22,1.0,0
TXN001373,CUST0491,120.15,Bhopal,20,312.78,0
TXN001374,CUST0355,297.14,Nagpur,8,834.92,0
TXN001375,CUST0344,1655.37,"Sydney, Australia",17,125.24,1
TXN001376,CUST0384,1354.53,"London, UK",10,3133.79,1
TXN001377,CUST0181,346.3,Chennai,15,1.0,0
TXN001378,CUST0435,89.67,Nagpur,20,797.2,0
TXN001379,CUST0500,171.94,Nagpur,10,945.23,0
TXN001380,CUST0359,652.25,Indore,9,1274.51,0
TXN001381,CUST0036,89.6,Pune,14,741.91,0
TXN001382,CUST0076,104.17,Surat,11,552.68,0
TXN001383,CUST0062,567.6,Bhopal,5,1071.49,0
TXN001384,CUST0475,305.02,Kolkata,15,1.0,0
TXN001385,CUST0073,122.78,Delhi,18,735.75,0
TXN001386,CUST0183,214.71,Hong Kong,23,263.01,1
TXN001387,CUST0060,453.34,Hyderabad,17,344.36,0
TXN001388,CUST0166,69.66,Kanpur,9,1.0,0
TXN001389,CUST0061,599.63,"Dubai, UAE",14,1021.1,1
TXN001390,CUST0021,6767.89,Nagpur,3,3223.07,0
TXN001391,CUST0353,521.29,"London, UK",7,283.88,1
TXN001392,CUST0006,815.08,Nagpur,2,2583.4,0
TXN001393,CUST0305,151.35,Mumbai,12,303.26,0
TXN001394,CUST0159,196.1,Kanpur,11,1163.68,0
TXN001395,CUST0414,462.8,Hyderabad,19,470.93,0
TXN001396,CUST0413,167.35,Kolkata,10,835.86,0
TXN001397,CUST0152,391.0,Delhi,21,28.12,0
TXN001398,CUST0423,165.21,Delhi,11,405.54,0
TXN001399,CUST0005,258.68,Surat,17,954.31,0
TXN001400,CUST0190,133.66,Bhopal,22,1.0,0
TXN001401,CUST0005,101.47,Hyderabad,21,226.55,0
TXN001402,CUST0028,340.63,Bhopal,1,676.72,0
TXN001403,CUST0273,368.22,Kolkata,16,225.64,0
TXN001404,CUST0372,142.3,"Paris, France",9,11.54,1
TXN001405,CUST0132,158.24,"Sydney, Australia",6,229.23,1
TXN001406,CUST0292,1028.95,Mumbai,13,1833.69,0
TXN001407,CUST0409,135.87,Lucknow,17,1.0,0
TXN001408,CUST0051,318.25,Kolkata,19,219.75,0
TXN001409,CUST0314,68.7,Kanpur,8,345.71,0
TXN001410,CUST0398,469.21,Chennai,11,710.69,0
TXN001411,CUST0140,1589.54,"Paris, France",10,2594.05,1
TXN001412,CUST0428,2198.94,"New York, USA",22,5437.57,1
TXN001413,CUST0047,117.05,Kanpur,11,394.82,0
TXN001414,CUST0128,37.46,Bhopal,10,7.08,0
TXN001415,CUST0467,76.89,Mumbai,16,1.0,0
TXN001416,CUST0071,41.75,Surat,11,1.0,0
TXN001417,CUST0433,26.53,Bengaluru,7,1.0,0
TXN001418,CUST0331,102.91,Chennai,17,130.83,0
TXN001419,CUST0497,481.37,Hong Kong,22,716.13,1
TXN001420,CUST0326,478.3,Bhopal,10,406.78,0
TXN001421,CUST0412,114.13,Mumbai,17,459.83,0
TXN001422,CUST0354,46.19,Bengaluru,20,126.76,0
TXN001423,CUST0289,167.12,Kolkata,11,1.0,0
TXN001424,CUST0270,358.55,Nagpur,21,949.15,0
TXN001425,CUST0276,84.73,Lucknow,15,48.45,0
TXN001426,CUST0103,3101.47,"Sydney, Australia",15,3760.34,1
TXN001427,CUST0273,323.37,Hyderabad,18,1009.41,0
TXN001428,CUST0454,534.2,Kanpur,13,427.82,0
TXN001429,CUST0164,419.37,Indore,13,1.0,0
TXN001430,CUST0370,425.18,Nagpur,9,1108.92,0
TXN001431,CUST0408,317.18,Ahmedabad,14,1010.63,0
TXN001432,CUST0331,1163.94,Singapore,6,1.0,1
TXN001433,CUST0481,211.21,Indore,7,1.0,0
TXN001434,CUST0244,190.59,Mumbai,13,1.0,0
TXN001435,CUST0100,157.63,Mumbai,7,1.0,0
TXN001436,CUST0421,337.9,Nagpur,10,216.41,0
TXN001437,CUST0326,118.51,Jaipur,18,35.76,0
TXN001438,CUST0006,620.46,Pune,16,581.65,0
TXN001439,CUST0284,369.9,Lucknow,18,1067.97,0
TXN001440,CUST0344,606.39,Delhi,22,589.05,0
TXN001441,CUST0114,200.51,Pune,14,538.82,0
TXN001442,CUST0036,191.23,Kanpur,9,275.29,0
TXN001443,CUST0477,97.31,Lucknow,7,1.0,0
TXN001444,CUST0038,543.09,Surat,18,1304.06,0
TXN001445,CUST0318,338.09,Delhi,19,1302.64,0
TXN001446,CUST0431,276.59,Indore,17,730.57,0
TXN001447,CUST0292,2551.73,"New York, USA",14,3519.19,1
TXN001448,CUST0455,72.24,Delhi,13,1.0,0
TXN001449,CUST0098,82.78,Hyderabad,23,1.0,0
TXN001450,CUST0325,310.94,Delhi,7,808.64,0
TXN001451,CUST0019,300.74,Chennai,13,1303.86,0
TXN001452,CUST0044,674.43,Hong Kong,5,189.58,1
TXN001453,CUST0099,737.41,Kanpur,0,816.77,0
TXN001454,CUST0146,1237.47,Surat,16,3781.66,0
TXN001455,CUST0326,1396.93,Hong Kong,23,3905.35,1
TXN001456,CUST0392,135.86,Surat,18,1.0,0
TXN001457,CUST0208,150.15,Bhopal,10,1.0,0
TXN001458,CUST0409,119.96,Bhopal,12,1.0,0
TXN001459,CUST0478,226.59,Hong Kong,19,66.7,1
TXN001460,CUST0114,582.73,Lucknow,13,1203.57,0
TXN001461,CUST0163,117.57,Delhi,10,1.0,0
TXN001462,CUST0101,204.77,Hyderabad,20,163.74,0
TXN001463,CUST0472,101.39,Pune,9,970.22,0
TXN001464,CUST0477,38.92,Mumbai,19,215.6,0
TXN001465,CUST0466,836.8,Kolkata,22,1302.03,0
TXN001466,CUST0103,219.68,"Frankfurt, Germany",19,1055.25,1
TXN001467,CUST0290,1024.89,Surat,23,1997.23,0
TXN001468,CUST0285,314.1,Lucknow,14,358.58,0
TXN001469,CUST0141,541.05,Bhopal,14,476.39,0
TXN001470,CUST0248,139.52,Nagpur,10,236.55,0
TXN001471,CUST0218,37.29,Kanpur,20,644.54,0
TXN001472,CUST0203,214.74,Pune,13,322.87,0
TXN001473,CUST0017,117.25,Kolkata,9,148.93,0
TXN001474,CUST0034,313.32,Delhi,18,464.19,0
TXN001475,CUST0082,175.26,Bhopal,11,75.56,0
TXN001476,CUST0025,276.5,Hyderabad,7,1724.42,0
TXN001477,CUST0372,200.86,Delhi,10,442.27,0
TXN001478,CUST0257,218.43,"Dubai, UAE",11,304.33,1
TXN001479,CUST0349,29.56,Delhi,13,507.66,0
TXN001480,CUST0206,53.15,Nagpur,9,152.32,0
TXN001481,CUST0074,280.63,Nagpur,18,1259.16,0
TXN001482,CUST0091,73.46,Nagpur,20,92.37,0
TXN001483,CUST0118,132.59,Singapore,9,178.27,1
TXN001484,CUST0304,582.52,Jaipur,0,122.64,0
TXN001485,CUST0332,109.86,Bengaluru,8,200.29,0
TXN001486,CUST0279,297.71,Bengaluru,9,1103.24,0
TXN001487,CUST0078,353.62,Kanpur,12,1007.21,0
TXN001488,CUST0440,948.74,"Toronto, Canada",14,474.36,1
TXN001489,CUST0418,478.62,Mumbai,1,719.9,0
TXN001490,CUST0198,815.95,"Toronto, Canada",23,2341.4,1
TXN001491,CUST0430,250.15,Singapore,13,205.24,1
TXN001492,CUST0032,446.22,"Toronto, Canada",15,1.0,1
TXN001493,CUST0431,1589.34,"New York, USA",10,2313.45,1
TXN001494,CUST0116,68.07,Bengaluru,8,468.09,0
TXN001495,CUST0393,136.42,Chennai,19,447.43,0
TXN001496,CUST0257,339.99,Mumbai,6,881.34,0
TXN001497,CUST0220,66.97,Jaipur,18,500.65,0
TXN001498,CUST0137,303.38,Ahmedabad,15,925.82,0
TXN001499,CUST0004,80.09,Bhopal,12,1.0,0
TXN001500,CUST0031,491.81,Kanpur,17,679.31,0
TXN001501,CUST0167,124.58,Nagpur,22,661.09,0
TXN001502,CUST0427,360.61,Pune,17,729.45,0
TXN001503,CUST0408,467.65,Bengaluru,23,645.12,0
TXN001504,CUST0194,89.51,Lucknow,15,162.31,0
TXN001505,CUST0113,155.45,Bengaluru,0,1.0,0
TXN001506,CUST0139,41.37,Pune,16,1.0,0
TXN001507,CUST0379,207.7,Kanpur,23,1.0,0
TXN001508,CUST0465,322.81,Chennai,20,313.54,0
TXN001509,CUST0232,70.68,Chennai,13,1.0,0
TXN001510,CUST0471,124.97,Chennai,11,1.0,0
TXN001511,CUST0287,848.26,Delhi,6,1823.23,0
TXN001512,CUST0231,346.71,Surat,13,1.0,0
TXN001513,CUST0135,63.99,Jaipur,14,1.0,0
TXN001514,CUST0148,27.66,Nagpur,14,1.0,0
TXN001515,CUST0260,77.96,Hyderabad,22,349.46,0
TXN001516,CUST0025,259.67,Bengaluru,19,1.0,0
TXN001517,CUST0049,148.68,Delhi,9,941.04,0
TXN001518,CUST0433,841.28,Delhi,15,2074.2,0
TXN001519,CUST0300,140.68,Mumbai,15,132.75,0
TXN001520,CUST0257,201.89,Lucknow,5,1.0,0
TXN001521,CUST0096,444.18,Jaipur,20,667.04,0
TXN001522,CUST0368,69.35,Jaipur,10,1.0,0
TXN001523,CUST0062,126.97,Kanpur,8,412.47,0
TXN001524,CUST0318,56.68,Mumbai,18,505.27,0
TXN001525,CUST0032,64.48,Bengaluru,15,1.0,0
TXN001526,CUST0307,80.27,Kolkata,20,577.76,0
TXN001527,CUST0222,44.86,Bhopal,16,452.88,0
TXN001528,CUST0109,128.32,Bhopal,12,1.0,0
TXN001529,CUST0067,201.12,Bhopal,5,1135.61,0
TXN001530,CUST0244,511.94,Kanpur,10,448.11,0
TXN001531,CUST0180,473.08,Delhi,20,757.06,0
TXN001532,CUST0101,35.42,Pune,11,1.0,0
TXN001533,CUST0407,70.09,Nagpur,7,550.85,0
TXN001534,CUST0062,1505.04,Jaipur,8,2796.59,0
TXN001535,CUST0172,86.35,Mumbai,11,1.0,0
TXN001536,CUST0266,81.66,Bengaluru,8,435.65,0
TXN001537,CUST0469,4126.65,"Dubai, UAE",10,9100.83,1
TXN001538,CUST0179,89.18,Kolkata,21,1.0,0
TXN001539,CUST0427,73.54,Pune,9,1.0,0
TXN001540,CUST0237,2844.42,Bengaluru,23,7752.1,0
TXN001541,CUST0434,274.97,Pune,17,1.0,0
TXN001542,CUST0423,398.49,Indore,14,537.18,0
TXN001543,CUST0095,101.59,Kolkata,20,218.9,0
TXN001544,CUST0185,539.87,Lucknow,11,1.0,0
TXN001545,CUST0023,340.23,Chennai,17,573.44,0
TXN001546,CUST0021,248.3,Delhi,14,1.0,0
TXN001547,CUST0462,99.55,Lucknow,17,40.49,0
TXN001548,CUST0102,3224.93,"Paris, France",22,2304.81,1
TXN001549,CUST0048,314.89,Jaipur,21,912.08,0
TXN001550,CUST0493,1624.37,Bengaluru,15,3979.07,0
TXN001551,CUST0098,111.57,Delhi,8,258.06,0
TXN001552,CUST0363,168.43,Kolkata,14,63.54,0
TXN001553,CUST0291,353.14,Nagpur,5,528.37,0
TXN001554,CUST0008,1698.11,Jaipur,22,2184.19,0
TXN001555,CUST0214,253.54,Surat,19,1069.81,0
TXN001556,CUST0280,677.04,Mumbai,15,1230.35,0
TXN001557,CUST0302,284.37,Kanpur,13,765.33,0
TXN001558,CUST0377,66.44,Nagpur,8,709.44,0
TXN001559,CUST0253,34.5,Lucknow,7,88.36,0
TXN001560,CUST0480,395.24,Chennai,18,725.85,0
TXN001561,CUST0341,1565.64,"Frankfurt, Germany",11,540.38,1
TXN001562,CUST0466,107.88,Bengaluru,9,552.96,0
TXN001563,CUST0422,390.66,Hyderabad,17,268.49,0
TXN001564,CUST0454,96.75,Ahmedabad,22,674.37,0
TXN001565,CUST0306,71.1,Chennai,13,209.92,0
TXN001566,CUST0092,87.58,Ahmedabad,7,1.0,0
TXN001567,CUST0389,343.36,Kolkata,21,42.81,0
TXN001568,CUST0050,1652.2,Bengaluru,16,755.25,0
TXN001569,CUST0249,218.37,Lucknow,17,1.0,0
TXN001570,CUST0206,173.1,Indore,13,81.23,0
TXN001571,CUST0085,168.13,Bengaluru,10,113.8,0
TXN001572,CUST0307,2075.84,"New York, USA",16,2378.8,1
TXN001573,CUST0282,141.53,Indore,23,518.0,0
TXN001574,CUST0106,580.52,Mumbai,16,1.0,0
TXN001575,CUST0102,158.88,Kanpur,6,270.96,0
TXN001576,CUST0177,150.18,Mumbai,15,554.98,0
TXN001577,CUST0272,79.04,Indore,11,1.0,0
TXN001578,CUST0023,117.07,Mumbai,10,764.55,0
TXN001579,CUST0133,637.05,Bhopal,17,1565.23,0
TXN001580,CUST0226,499.14,Ahmedabad,12,149.16,0
TXN001581,CUST0342,127.04,Jaipur,12,1.0,0
TXN001582,CUST0404,242.74,Nagpur,12,74.03,0
TXN001583,CUST0323,373.59,Bengaluru,13,207.27,0
TXN001584,CUST0302,454.44,Delhi,17,1128.35,0
TXN001585,CUST0028,2293.36,Pune,2,4473.69,0
TXN001586,CUST0346,209.15,Kanpur,11,797.42,0
TXN001587,CUST0391,100.43,Mumbai,15,28.53,0
TXN001588,CUST0378,511.92,Surat,8,886.53,0
TXN001589,CUST0467,881.39,Nagpur,13,804.14,0
TXN001590,CUST0021,103.11,Chennai,20,1.0,0
TXN001591,CUST0392,253.82,Ahmedabad,21,1140.34,0
TXN001592,CUST0144,369.24,Kolkata,10,1485.72,0
TXN001593,CUST0468,120.1,"Sydney, Australia",22,1.0,1
TXN001594,CUST0109,68.29,Hyderabad,11,97.32,0
TXN001595,CUST0093,74.56,Bhopal,11,275.65,0
TXN001596,CUST0307,36.42,Surat,11,1.0,0
TXN001597,CUST0246,20.32,Delhi,15,36.83,0
TXN001598,CUST0306,173.31,Kanpur,18,1.0,0
TXN001599,CUST0200,73.22,Jaipur,17,661.89,0
TXN001600,CUST0187,98.52,Pune,16,1.0,0
TXN001601,CUST0024,308.16,Surat,5,764.92,0
TXN001602,CUST0248,108.66,Hyderabad,22,1.0,0
TXN001603,CUST0046,81.07,Bhopal,14,1.0,0
TXN001604,CUST0270,754.92,Kolkata,8,514.92,0
TXN001605,CUST0168,1144.02,Kolkata,0,1719.05,0
TXN001606,CUST0370,246.37,Jaipur,23,1.0,0
TXN001607,CUST0174,76.73,Delhi,10,1.0,0
TXN001608,CUST0104,589.06,Surat,18,328.2,0
TXN001609,CUST0105,1471.93,Chennai,5,2429.76,0
TXN001610,CUST0001,339.24,Bengaluru,9,13.95,0
TXN001611,CUST0088,307.83,Hyderabad,22,215.86,0
TXN001612,CUST0060,174.29,Kolkata,21,808.79,0
TXN001613,CUST0056,81.52,Pune,13,77.38,0
TXN001614,CUST0194,66.31,Nagpur,12,1.0,0
TXN001615,CUST0401,1009.03,Ahmedabad,0,1195.45,0
TXN001616,CUST0253,2544.42,"Dubai, UAE",0,4784.5,1
TXN001617,CUST0394,504.46,Bhopal,18,805.42,0
TXN001618,CUST0155,314.26,Indore,18,591.88,0
TXN001619,CUST0466,44.29,Pune,13,876.63,0
TXN001620,CUST0224,102.76,Mumbai,12,315.74,0
TXN001621,CUST0285,369.26,Mumbai,14,454.39,0
TXN001622,CUST0459,103.49,Pune,15,1.0,0
TXN001623,CUST0474,861.21,"London, UK",20,599.92,1
TXN001624,CUST0295,16.45,Hyderabad,8,1.0,0
TXN001625,CUST0295,138.07,Pune,10,351.92,0
TXN001626,CUST0100,478.65,Hyderabad,15,352.01,0
TXN001627,CUST0499,58.82,Bhopal,10,1.0,0
TXN001628,CUST0396,33.01,Indore,16,315.52,0
TXN001629,CUST0427,671.65,Kanpur,13,1576.76,0
TXN001630,CUST0100,450.87,Chennai,8,391.41,0
TXN001631,CUST0336,168.52,Surat,16,456.57,0
TXN001632,CUST0250,789.42,"Frankfurt, Germany",18,834.08,1
TXN001633,CUST0387,51.81,Indore,15,1.0,0
TXN001634,CUST0375,706.82,Jaipur,18,586.52,0
TXN001635,CUST0138,59.64,Surat,22,538.62,0
TXN001636,CUST0440,42.33,Hyderabad,13,1.0,0
TXN001637,CUST0241,1371.0,Kolkata,4,2406.92,0
TXN001638,CUST0396,45.32,Chennai,20,1.0,0
TXN001639,CUST0280,23.2,Surat,14,719.67,0
TXN001640,CUST0351,46.45,Ahmedabad,15,341.09,0
TXN001641,CUST0038,35.61,Kanpur,18,1.0,0
TXN001642,CUST0038,3389.57,Hong Kong,14,6724.8,1
TXN001643,CUST0135,232.27,Ahmedabad,17,1.0,0
TXN001644,CUST0401,405.55,Singapore,15,1291.11,1
TXN001645,CUST0354,75.26,Ahmedabad,6,1.0,0
TXN001646,CUST0095,1410.16,Lucknow,2,1466.74,0
TXN001647,CUST0097,355.83,Kanpur,22,251.02,0
TXN001648,CUST0037,108.2,Pune,11,133.92,0
TXN001649,CUST0214,2095.81,Hong Kong,14,3414.33,1
TXN001650,CUST0006,166.58,Indore,12,471.39,0
TXN001651,CUST0364,72.94,Ahmedabad,20,1.0,0
TXN001652,CUST0350,150.0,Indore,19,237.07,0
TXN001653,CUST0100,18.17,Nagpur,9,1.0,0
TXN001654,CUST0131,769.27,Lucknow,2,423.85,0
TXN001655,CUST0491,143.12,Chennai,19,1.0,0
TXN001656,CUST0450,177.68,Delhi,11,1.0,0
TXN001657,CUST0269,505.86,Lucknow,16,344.76,0
TXN001658,CUST0477,241.04,Delhi,19,768.32,0
TXN001659,CUST0325,306.48,Jaipur,19,152.32,0
TXN001660,CUST0005,12934.23,"Paris, France",10,24091.48,1
TXN001661,CUST0333,509.69,Bhopal,8,842.18,0
TXN001662,CUST0018,485.57,Chennai,10,2157.1,0
TXN001663,CUST0093,183.13,"New York, USA",10,932.14,1
TXN001664,CUST0228,358.17,Kanpur,8,1192.97,0
TXN001665,CUST0074,127.37,Surat,15,398.79,0
TXN001666,CUST0255,176.27,"London, UK",16,389.37,1
TXN001667,CUST0451,298.76,Indore,21,311.4,0
TXN001668,CUST0307,283.0,Delhi,12,355.67,0
TXN001669,CUST0357,221.85,Hong Kong,15,769.53,1
TXN001670,CUST0026,175.19,Lucknow,11,661.67,0
TXN001671,CUST0054,447.15,Indore,14,793.49,0
TXN001672,CUST0089,169.05,Lucknow,17,1.0,0
TXN001673,CUST0338,71.67,Jaipur,16,447.67,0
TXN001674,CUST0451,55.7,Indore,14,298.76,0
TXN001675,CUST0206,97.71,Mumbai,18,1.0,0
TXN001676,CUST0059,1015.95,Delhi,9,664.19,0
TXN001677,CUST0430,286.41,Jaipur,9,1031.73,0
TXN001678,CUST0355,2014.28,"Sydney, Australia",1,5351.72,1
TXN001679,CUST0020,942.02,"New York, USA",23,1901.32,1
TXN001680,CUST0036,27.57,Hyderabad,12,1.0,0
TXN001681,CUST0024,785.5,Nagpur,23,750.11,0
TXN001682,CUST0191,61.49,Bhopal,11,1.0,0
TXN001683,CUST0066,389.68,Bengaluru,6,232.14,0
TXN001684,CUST0444,270.69,Bhopal,21,63.68,0
TXN001685,CUST0090,249.04,Singapore,7,1.0,1
TXN001686,CUST0403,108.33,Bengaluru,8,401.19,0
TXN001687,CUST0098,609.26,Kanpur,20,702.63,0
TXN001688,CUST0080,175.42,"London, UK",17,1.0,1
TXN001689,CUST0349,91.97,Chennai,19,338.08,0
TXN001690,CUST0171,736.3,Singapore,17,1.0,1
TXN001691,CUST0016,375.24,Ahmedabad,7,120.69,0
TXN001692,CUST0344,833.0,"Frankfurt, Germany",4,835.15,1
TXN001693,CUST0074,131.62,Ahmedabad,19,730.91,0
TXN001694,CUST0414,64.54,Bhopal,10,1.0,0
TXN001695,CUST0081,79.63,Lucknow,12,1.0,0
TXN001696,CUST0034,751.28,Delhi,9,2072.72,0
TXN001697,CUST0017,1972.38,Nagpur,7,848.52,0
TXN001698,CUST0271,142.02,Singapore,12,214.08,1
TXN001699,CUST0287,468.37,Indore,10,304.92,0
TXN001700,CUST0081,765.66,"Sydney, Australia",15,1088.72,1
TXN001701,CUST0454,1486.54,"Paris, France",19,1747.28,1
TXN001702,CUST0263,204.19,Hyderabad,9,388.11,0
TXN001703,CUST0260,227.84,Kanpur,12,929.96,0
TXN001704,CUST0347,93.33,Ahmedabad,16,287.33,0
TXN001705,CUST0037,331.2,Ahmedabad,13,794.81,0
TXN001706,CUST0276,28.29,Kanpur,7,407.79,0
TXN001707,CUST0304,300.84,Pune,13,1.0,0
TXN001708,CUST0460,219.85,Singapore,18,730.7,1
TXN001709,CUST0325,105.81,Pune,21,43.72,0
TXN001710,CUST0412,354.17,Kanpur,10,323.35,0
TXN001711,CUST0331,401.55,Jaipur,22,728.59,0
TXN001712,CUST0323,45.89,Delhi,20,758.37,0
TXN001713,CUST0216,117.24,Jaipur,17,1.0,0
TXN001714,CUST0258,301.15,Kanpur,19,643.51,0
TXN001715,CUST0387,205.2,Surat,7,1.0,0
TXN001716,CUST0345,94.46,Bengaluru,12,1.0,0
TXN001717,CUST0097,106.4,Bhopal,11,575.11,0
TXN001718,CUST0481,2834.96,Hong Kong,9,2445.45,1
TXN001719,CUST0490,216.72,Nagpur,20,229.11,0
TXN001720,CUST0056,415.56,Nagpur,16,609.04,0
TXN001721,CUST0012,379.77,Kanpur,10,833.52,0
TXN001722,CUST0307,210.62,Mumbai,14,15.14,0
TXN001723,CUST0477,211.87,"London, UK",10,307.81,1
TXN001724,CUST0294,285.86,Kanpur,9,682.79,0
TXN001725,CUST0196,182.91,Chennai,19,1.0,0
TXN001726,CUST0317,1123.4,Bengaluru,9,1586.61,0
TXN001727,CUST0291,948.16,Kolkata,19,1166.13,0
TXN001728,CUST0486,295.25,"Paris, France",20,1.0,1
TXN001729,CUST0102,230.79,Jaipur,19,815.03,0
TXN001730,CUST0348,401.94,Bhopal,16,1.0,0
TXN001731,CUST0025,6.28,Pune,20,1.0,0
TXN001732,CUST0187,330.91,Indore,12,964.93,0
TXN001733,CUST0206,96.64,Lucknow,15,326.64,0
TXN001734,CUST0089,2640.46,"London, UK",13,3814.33,1
TXN001735,CUST0068,157.07,Delhi,1,23.22,0
TXN001736,CUST0381,235.14,Kolkata,10,583.0,0
TXN001737,CUST0366,78.34,Surat,16,621.96,0
TXN001738,CUST0486,503.69,Bhopal,12,1523.63,0
TXN001739,CUST0083,52.43,Bhopal,13,277.44,0
TXN001740,CUST0298,440.42,Bhopal,16,1634.36,0
TXN001741,CUST0326,185.5,Mumbai,11,1.0,0
TXN001742,CUST0062,305.05,Hyderabad,12,877.93,0
TXN001743,CUST0231,94.04,Surat,8,1.0,0
TXN001744,CUST0122,101.29,"Paris, France",5,1.0,1
TXN001745,CUST0067,226.09,"London, UK",9,234.34,1
TXN001746,CUST0032,664.68,Ahmedabad,9,1.0,0
TXN001747,CUST0407,200.01,Jaipur,15,596.87,0
TXN001748,CUST0009,25.95,Indore,18,1.0,0
TXN001749,CUST0330,102.09,Kolkata,16,492.53,0
TXN001750,CUST0018,236.02,Mumbai,20,349.32,0
TXN001751,CUST0455,90.19,Bengaluru,14,1.0,0
TXN001752,CUST0480,152.56,"Tokyo, Japan",18,1.0,1
TXN001753,CUST0025,1485.42,"New York, USA",16,2801.7,1
TXN001754,CUST0322,199.65,Hyderabad,16,253.59,0
TXN001755,CUST0420,31.07,Mumbai,16,1.0,0
TXN001756,CUST0344,1028.27,Jaipur,7,2379.54,0
TXN001757,CUST0404,63.26,Jaipur,13,74.76,0
TXN001758,CUST0057,63.05,Surat,13,1.0,0
TXN001759,CUST0356,1547.08,"New York, USA",12,2835.73,1
TXN001760,CUST0125,2086.34,Nagpur,20,3788.82,0
TXN001761,CUST0303,72.28,Kanpur,23,1.0,0
TXN001762,CUST0124,224.88,Mumbai,6,425.21,0
TXN001763,CUST0472,529.57,"New York, USA",15,1218.82,1
TXN001764,CUST0448,287.24,Mumbai,14,238.42,0
TXN001765,CUST0178,327.35,"Paris, France",10,1.0,1
TXN001766,CUST0444,1123.23,"Tokyo, Japan",17,1255.82,1
TXN001767,CUST0296,65.78,Delhi,8,1.0,0
TXN001768,CUST0155,327.85,Bengaluru,19,667.28,0
TXN001769,CUST0356,367.85,Nagpur,17,1011.63,0
TXN001770,CUST0171,270.76,Ahmedabad,21,376.02,0
TXN001771,CUST0409,268.27,"Dubai, UAE",18,1.0,1
TXN001772,CUST0066,125.2,Jaipur,10,681.91,0
TXN001773,CUST0041,1126.8,Ahmedabad,10,36.62,0
TXN001774,CUST0146,334.2,Jaipur,10,39.07,0
TXN001775,CUST0437,96.69,Ahmedabad,13,663.81,0
TXN001776,CUST0089,180.95,Jaipur,18,459.19,0
TXN001777,CUST0207,278.8,Hyderabad,13,1656.6,0
TXN001778,CUST0280,284.25,Delhi,16,1428.73,0
TXN001779,CUST0191,341.12,Jaipur,21,477.87,0
TXN001780,CUST0129,586.87,Jaipur,6,970.26,0
TXN001781,CUST0037,720.88,Delhi,13,197.24,0
TXN001782,CUST0422,91.83,Jaipur,13,218.89,0
TXN001783,CUST0074,323.28,Kolkata,14,601.06,0
TXN001784,CUST0129,61.42,Surat,23,1.0,0
TXN001785,CUST0154,179.69,Indore,14,538.88,0
TXN001786,CUST0080,80.97,Pune,21,371.18,0
TXN001787,CUST0458,459.26,Bhopal,17,910.42,0
TXN001788,CUST0038,42.0,Bhopal,8,1.0,0
TXN001789,CUST0131,108.83,Kanpur,9,362.53,0
TXN001790,CUST0297,4748.69,Singapore,19,3243.85,1
TXN001791,CUST0482,97.22,Mumbai,18,1.0,0
TXN001792,CUST0423,917.06,Jaipur,21,581.71,0
TXN001793,CUST0167,250.42,Bhopal,11,733.18,0
TXN001794,CUST0068,569.76,Delhi,20,1547.89,0
TXN001795,CUST0459,78.33,Chennai,18,1.0,0
TXN001796,CUST0250,352.03,Lucknow,7,628.16,0
TXN001797,CUST0172,121.29,Delhi,14,1.0,0
TXN001798,CUST0076,62.58,Kanpur,10,534.68,0
TXN001799,CUST0143,265.77,Kanpur,10,435.72,0
TXN001800,CUST0382,123.99,Bhopal,12,1.0,0
TXN001801,CUST0184,161.17,Mumbai,13,454.09,0
TXN001802,CUST0117,1798.84,Nagpur,3,3516.32,0
TXN001803,CUST0253,29.11,Chennai,11,1.0,0
TXN001804,CUST0228,86.76,Bengaluru,15,1086.41,0
TXN001805,CUST0474,913.64,Chennai,8,373.2,0
TXN001806,CUST0309,431.49,Lucknow,6,893.54,0
TXN001807,CUST0101,245.54,Pune,19,1075.74,0
TXN001808,CUST0328,606.76,"Frankfurt, Germany",11,640.26,1
TXN001809,CUST0259,1309.47,"Tokyo, Japan",7,527.48,1
TXN001810,CUST0424,53.72,Bhopal,6,744.2,0
TXN001811,CUST0117,52.88,Bhopal,20,14.29,0
TXN001812,CUST0356,237.48,Mumbai,16,1.0,0
TXN001813,CUST0037,1601.48,Hong Kong,17,3232.67,1
TXN001814,CUST0055,209.41,Delhi,20,1.0,0
TXN001815,CUST0453,101.54,Jaipur,18,1.0,0
TXN001816,CUST0165,199.83,Kanpur,18,462.34,0
TXN001817,CUST0259,129.59,Pune,1,1.0,0
TXN001818,CUST0339,180.29,Ahmedabad,18,1.0,0
TXN001819,CUST0237,178.53,Hyderabad,19,1.0,0
TXN001820,CUST0215,86.69,Bengaluru,18,268.47,0
TXN001821,CUST0040,3371.39,"Tokyo, Japan",22,3535.2,1
TXN001822,CUST0243,272.42,Delhi,19,1.0,0
TXN001823,CUST0224,13.95,Bengaluru,22,262.84,0
TXN001824,CUST0180,242.6,Bengaluru,12,1.0,0
TXN001825,CUST0129,158.21,Chennai,8,847.48,0
TXN001826,CUST0302,125.83,Mumbai,13,154.51,0
TXN001827,CUST0342,324.66,Kolkata,13,764.42,0
TXN001828,CUST0046,169.08,Pune,17,242.15,0
TXN001829,CUST0071,461.41,Nagpur,17,876.81,0
TXN001830,CUST0116,86.64,Bhopal,11,1.0,0
TXN001831,CUST0077,306.82,Bhopal,0,465.36,0
TXN001832,CUST0189,289.81,Nagpur,11,1.0,0
TXN001833,CUST0111,126.92,Surat,8,1.0,0
TXN001834,CUST0145,1470.7,Indore,9,3069.3,0
TXN001835,CUST0039,36.72,Lucknow,12,431.9,0
TXN001836,CUST0452,148.67,Ahmedabad,20,1.0,0
TXN001837,CUST0373,469.84,"Dubai, UAE",23,1.0,1
TXN001838,CUST0228,5308.45,"Paris, France",23,3132.18,1
TXN001839,CUST0167,1802.42,Surat,11,1427.43,0
TXN001840,CUST0415,205.17,Ahmedabad,22,100.36,0
TXN001841,CUST0099,1078.22,Hyderabad,8,1359.89,0
TXN001842,CUST0086,49.19,Ahmedabad,9,426.85,0
TXN001843,CUST0373,1473.14,Hong Kong,14,1940.86,1
TXN001844,CUST0249,153.69,Surat,15,1.0,0
TXN001845,CUST0067,291.36,Bhopal,17,1053.21,0
TXN001846,CUST0209,1023.09,Chennai,9,3336.54,0
TXN001847,CUST0002,65.91,Kanpur,21,976.56,0
TXN001848,CUST0320,1316.82,Bhopal,14,1392.47,0
TXN001849,CUST0456,205.2,Lucknow,15,581.65,0
TXN001850,CUST0213,417.47,"Sydney, Australia",15,1035.66,1
TXN001851,CUST0281,501.77,Kanpur,11,1.0,0
TXN001852,CUST0409,1027.31,Indore,17,1189.27,0
TXN001853,CUST0039,96.83,Mumbai,10,1.0,0
TXN001854,CUST0277,29.08,Ahmedabad,14,259.5,0
TXN001855,CUST0279,354.64,Bengaluru,5,398.08,0
TXN001856,CUST0130,762.74,"London, UK",7,453.97,1
TXN001857,CUST0013,222.33,Surat,9,1.0,0
TXN001858,CUST0367,89.79,Kolkata,19,764.67,0
TXN001859,CUST0290,272.16,Surat,19,810.39,0
TXN001860,CUST0110,763.84,Ahmedabad,13,2390.89,0
TXN001861,CUST0493,250.87,Kanpur,22,1229.81,0
TXN001862,CUST0215,22.7,Indore,22,1.0,0
TXN001863,CUST0054,134.48,Lucknow,13,112.18,0
TXN001864,CUST0325,376.77,Delhi,23,785.44,0
TXN001865,CUST0165,809.47,Hyderabad,9,2608.49,0
TXN001866,CUST0147,970.31,Bengaluru,0,1778.72,0
TXN001867,CUST0328,600.8,"Paris, France",21,519.01,1
TXN001868,CUST0038,145.41,Ahmedabad,12,52.29,0
TXN001869,CUST0022,868.61,Delhi,20,1648.64,0
TXN001870,CUST0263,20.5,Hyderabad,7,613.02,0
TXN001871,CUST0377,445.07,Mumbai,10,1.0,0
TXN001872,CUST0364,1143.26,Nagpur,12,1362.09,0
TXN001873,CUST0363,177.03,Delhi,21,110.03,0
TXN001874,CUST0412,222.3,Mumbai,8,231.96,0
TXN001875,CUST0412,695.72,Hyderabad,21,636.12,0
TXN001876,CUST0411,1918.13,"Paris, France",21,1808.07,1
TXN001877,CUST0359,207.97,Surat,17,182.77,0
TXN001878,CUST0408,342.61,Kolkata,17,806.37,0
TXN001879,CUST0001,496.27,Delhi,14,1117.78,0
TXN001880,CUST0032,956.73,Mumbai,18,436.4,0
TXN001881,CUST0188,380.21,Pune,13,236.62,0
TXN001882,CUST0376,428.28,"Tokyo, Japan",14,1449.57,1
TXN001883,CUST0316,138.93,Surat,12,287.67,0
TXN001884,CUST0097,212.88,"Tokyo, Japan",18,560.9,1
TXN001885,CUST0288,197.42,Jaipur,17,170.83,0
TXN001886,CUST0480,103.54,Bengaluru,16,112.62,0
TXN001887,CUST0285,118.92,Bhopal,12,1.0,0
TXN001888,CUST0209,159.75,Nagpur,9,1.0,0
TXN001889,CUST0056,501.26,Indore,18,387.49,0
TXN001890,CUST0373,175.49,Lucknow,12,817.39,0
TXN001891,CUST0257,209.49,Hyderabad,12,785.59,0
TXN001892,CUST0224,172.77,Kanpur,20,843.17,0
TXN001893,CUST0261,111.91,Indore,8,426.73,0
TXN001894,CUST0024,1124.13,Kanpur,14,2099.86,0
TXN001895,CUST0301,97.19,Bengaluru,19,1.0,0
TXN001896,CUST0061,632.24,Ahmedabad,10,632.86,0
TXN001897,CUST0079,348.82,Mumbai,16,1058.98,0
TXN001898,CUST0485,840.19,Delhi,4,543.4,0
TXN001899,CUST0452,95.33,Lucknow,17,758.7,0
TXN001900,CUST0102,253.36,Jaipur,16,1.0,0
TXN001901,CUST0102,106.61,Bhopal,17,36.3,0
TXN001902,CUST0063,160.17,Kolkata,17,913.0,0
TXN001903,CUST0185,164.68,Nagpur,20,26.77,0
TXN001904,CUST0464,140.91,Singapore,20,159.91,1
TXN001905,CUST0265,288.19,Kanpur,18,1.0,0
TXN001906,CUST0329,47.15,Kanpur,12,1.0,0
TXN001907,CUST0225,64.12,"New York, USA",17,1.0,1
TXN001908,CUST0328,662.51,Mumbai,16,128.72,0
TXN001909,CUST0170,2077.24,Hong Kong,13,321.79,1
TXN001910,CUST0138,42.14,Kolkata,11,254.09,0
TXN001911,CUST0340,60.99,Hyderabad,17,275.7,0
TXN001912,CUST0432,190.33,Jaipur,21,1.0,0
TXN001913,CUST0132,1344.49,"Toronto, Canada",20,2786.77,1
TXN001914,CUST0340,321.07,Nagpur,18,1.0,0
TXN001915,CUST0320,280.13,Delhi,12,816.42,0
TXN001916,CUST0457,118.02,Hyderabad,19,1.0,0
TXN001917,CUST0243,69.2,Nagpur,7,682.54,0
TXN001918,CUST0318,145.97,Lucknow,9,1.0,0
TXN001919,CUST0351,519.49,Surat,10,1.0,0
TXN001920,CUST0249,171.37,Ahmedabad,21,417.13,0
TXN001921,CUST0391,33.11,Lucknow,9,1.0,0
TXN001922,CUST0419,215.1,Hyderabad,10,19.33,0
TXN001923,CUST0416,226.7,Indore,7,1.0,0
TXN001924,CUST0387,3159.57,"Dubai, UAE",4,7451.0,1
TXN001925,CUST0368,699.34,"Sydney, Australia",16,694.6,1
TXN001926,CUST0404,181.8,Ahmedabad,12,1812.06,0
TXN001927,CUST0235,142.97,Surat,18,158.32,0
TXN001928,CUST0297,300.73,Surat,17,126.32,0
TXN001929,CUST0080,763.48,Pune,17,563.59,0
TXN001930,CUST0035,264.56,Kolkata,12,49.13,0
TXN001931,CUST0483,140.62,Chennai,8,1.0,0
TXN001932,CUST0099,212.79,Delhi,18,1231.07,0
TXN001933,CUST0423,143.87,Chennai,17,1.0,0
TXN001934,CUST0467,430.39,Nagpur,5,1052.08,0
TXN001935,CUST0180,253.28,Pune,17,180.12,0
TXN001936,CUST0290,751.42,Delhi,14,965.42,0
TXN001937,CUST0372,97.74,Indore,15,188.87,0
TXN001938,CUST0063,316.57,Ahmedabad,10,790.53,0
TXN001939,CUST0261,145.51,Kolkata,16,358.59,0
TXN001940,CUST0235,215.73,"Tokyo, Japan",13,99.14,1
TXN001941,CUST0290,194.03,Pune,20,944.72,0
TXN001942,CUST0127,17.67,Delhi,13,508.78,0
TXN001943,CUST0220,46.47,Lucknow,7,370.41,0
TXN001944,CUST0271,350.27,Indore,17,1645.47,0
TXN001945,CUST0471,163.98,Indore,11,445.31,0
TXN001946,CUST0381,106.11,Delhi,9,413.53,0
TXN001947,CUST0303,136.44,Delhi,11,1.0,0
TXN001948,CUST0177,1358.98,Singapore,0,2487.9,1
TXN001949,CUST0276,41.25,Hyderabad,12,819.12,0
TXN001950,CUST0132,353.08,Lucknow,9,1098.31,0
TXN001951,CUST0297,439.81,Surat,17,391.04,0
TXN001952,CUST0005,217.77,Bhopal,17,1.0,0
TXN001953,CUST0323,786.47,Hyderabad,18,312.54,0
TXN001954,CUST0022,91.74,Bhopal,21,400.13,0
TXN001955,CUST0304,157.31,Pune,13,405.99,0
TXN001956,CUST0385,79.62,Nagpur,18,670.49,0
TXN001957,CUST0366,58.71,Hyderabad,16,1.0,0
TXN001958,CUST0325,177.85,Mumbai,5,1.0,0
TXN001959,CUST0160,344.85,Nagpur,20,1525.61,0
TXN001960,CUST0024,2188.83,"London, UK",16,1755.94,1
TXN001961,CUST0207,124.76,Delhi,15,1.0,0
TXN001962,CUST0307,77.94,Indore,21,1.0,0
TXN001963,CUST0448,268.35,Chennai,18,8.55,0
TXN001964,CUST0365,140.12,Ahmedabad,7,514.1,0
TXN001965,CUST0492,176.31,Pune,0,803.63,0
TXN001966,CUST0334,110.47,Bengaluru,6,1.0,0
TXN001967,CUST0316,265.17,Chennai,15,1.0,0
TXN001968,CUST0491,214.79,Bengaluru,12,503.55,0
TXN001969,CUST0440,101.81,"London, UK",13,1.0,1
TXN001970,CUST0010,71.37,Surat,10,1.0,0
TXN001971,CUST0349,278.86,Kolkata,11,1.0,0
TXN001972,CUST0445,28.02,Ahmedabad,7,1.0,0
TXN001973,CUST0395,390.07,Hyderabad,21,1.0,0
TXN001974,CUST0202,126.95,Delhi,14,984.01,0
TXN001975,CUST0239,390.25,Chennai,7,987.19,0
TXN001976,CUST0476,566.68,Lucknow,7,163.08,0
TXN001977,CUST0329,105.53,Kanpur,14,593.15,0
TXN001978,CUST0205,83.17,Mumbai,10,1.0,0
TXN001979,CUST0457,152.54,Kolkata,17,553.91,0
TXN001980,CUST0257,1004.33,Hong Kong,13,2146.04,1
TXN001981,CUST0161,54.32,Mumbai,14,1.0,0
TXN001982,CUST0494,73.07,Hong Kong,1,1.0,1
TXN001983,CUST0214,2217.76,Pune,1,1897.04,0
TXN001984,CUST0221,4869.29,Hong Kong,0,2429.28,1
TXN001985,CUST0426,329.37,Delhi,7,1.0,0
TXN001986,CUST0396,2934.43,Nagpur,1,3330.01,0
TXN001987,CUST0457,285.08,Nagpur,20,696.96,0
TXN001988,CUST0044,161.27,Bhopal,16,1122.79,0
TXN001989,CUST0134,878.74,Kanpur,14,1238.94,0
TXN001990,CUST0153,125.64,Kanpur,9,1.0,0
TXN001991,CUST0261,170.17,Chennai,9,1.0,0
TXN001992,CUST0495,141.0,Mumbai,14,1.0,0
TXN001993,CUST0419,243.01,Pune,12,1.0,0
TXN001994,CUST0165,734.49,Delhi,13,1742.3,0
TXN001995,CUST0138,420.37,Chennai,15,433.04,0
TXN001996,CUST0494,283.23,Kolkata,8,1393.29,0
TXN001997,CUST0103,202.88,Indore,18,1476.22,0
TXN001998,CUST0307,103.21,Bhopal,13,1337.59,0
TXN001999,CUST0148,661.92,Hong Kong,7,773.49,1
TXN002000,CUST0104,218.82,Jaipur,16,432.24,0
TXN002001,CUST0295,1864.64,Nagpur,9,3056.08,0
TXN002002,CUST0281,821.36,Nagpur,18,1387.09,0
TXN002003,CUST0128,519.93,Delhi,13,1270.88,0
TXN002004,CUST0248,38.8,Bengaluru,21,1.0,0
TXN002005,CUST0284,231.28,Chennai,8,1.0,0
TXN002006,CUST0152,57.87,Lucknow,6,403.15,0
TXN002007,CUST0311,1008.81,Jaipur,3,1280.65,0
TXN002008,CUST0023,54.67,Jaipur,12,800.54,0
TXN002009,CUST0444,593.92,"Dubai, UAE",23,413.18,1
TXN002010,CUST0165,58.54,Pune,21,1.0,0
TXN002011,CUST0109,125.35,"Frankfurt, Germany",16,413.74,1
TXN002012,CUST0263,134.72,Bhopal,16,423.73,0
TXN002013,CUST0276,394.06,Kanpur,10,907.83,0
TXN002014,CUST0358,477.92,Hyderabad,16,619.4,0
TXN002015,CUST0097,30.06,Ahmedabad,10,1233.07,0
TXN002016,CUST0269,74.7,Kolkata,10,94.97,0
TXN002017,CUST0206,129.04,Lucknow,19,1.0,0
TXN002018,CUST0457,184.41,Surat,6,783.41,0
TXN002019,CUST0430,80.42,Kanpur,15,404.09,0
TXN002020,CUST0484,143.75,Chennai,0,1.0,0
TXN002021,CUST0155,65.27,Hyderabad,11,1.0,0
TXN002022,CUST0251,151.69,Mumbai,16,1071.91,0
TXN002023,CUST0061,211.65,Indore,16,161.86,0
TXN002024,CUST0324,218.83,"Frankfurt, Germany",18,317.32,1
TXN002025,CUST0261,177.9,Ahmedabad,21,1.0,0
TXN002026,CUST0150,1781.78,"Toronto, Canada",15,3653.75,1
TXN002027,CUST0480,85.27,Kanpur,18,1.0,0
TXN002028,CUST0415,322.05,Bengaluru,12,1.0,0
TXN002029,CUST0243,124.38,Kolkata,13,1.0,0
TXN002030,CUST0453,135.61,Surat,7,1.0,0
TXN002031,CUST0184,6338.01,"Sydney, Australia",11,10033.48,1
TXN002032,CUST0107,334.42,Indore,3,264.36,0
TXN002033,CUST0253,194.17,Bengaluru,17,1.0,0
TXN002034,CUST0162,441.63,Surat,15,1286.98,0
TXN002035,CUST0347,200.62,Bengaluru,11,1.0,0
TXN002036,CUST0050,183.2,Lucknow,6,64.41,0
TXN002037,CUST0335,143.94,Jaipur,16,743.48,0
TXN002038,CUST0174,265.09,Mumbai,16,1378.63,0
TXN002039,CUST0406,24.32,Indore,7,1.0,0
TXN002040,CUST0441,717.05,"Sydney, Australia",18,1805.03,1
TXN002041,CUST0356,63.47,Bengaluru,5,1.0,0
TXN002042,CUST0126,16.25,Hyderabad,22,1.0,0
TXN002043,CUST0445,217.62,Kolkata,13,1.0,0
TXN002044,CUST0250,54.58,Surat,8,1.0,0
TXN002045,CUST0026,872.4,Nagpur,6,1.0,0
TXN002046,CUST0380,260.4,Chennai,23,702.61,0
TXN002047,CUST0106,218.55,Lucknow,8,1014.28,0
TXN002048,CUST0137,21.29,Jaipur,0,1.0,0
TXN002049,CUST0247,319.61,Kolkata,17,1074.53,0
TXN002050,CUST0285,46.55,Lucknow,9,1.0,0
TXN002051,CUST0124,1301.66,Chennai,14,1491.27,0
TXN002052,CUST0413,862.69,Singapore,3,1.0,1
TXN002053,CUST0216,96.37,Kolkata,9,1.0,0
TXN002054,CUST0142,338.64,Kanpur,8,1.0,0
TXN002055,CUST0160,183.23,Bhopal,18,582.99,0
TXN002056,CUST0492,237.24,Indore,19,235.59,0
TXN002057,CUST0294,328.92,Delhi,9,89.5,0
TXN002058,CUST0302,92.05,Pune,16,728.67,0
TXN002059,CUST0198,1968.95,"New York, USA",4,4666.6,1
TXN002060,CUST0241,698.88,"Tokyo, Japan",20,1500.44,1
TXN002061,CUST0200,44.62,Chennai,14,1.0,0
TXN002062,CUST0377,246.36,Ahmedabad,19,1.0,0
TXN002063,CUST0478,382.62,Ahmedabad,18,645.06,0
TXN002064,CUST0428,882.15,Lucknow,18,1206.47,0
TXN002065,CUST0373,2963.64,"Toronto, Canada",10,3183.03,1
TXN002066,CUST0104,7342.55,"Sydney, Australia",0,3042.18,1
TXN002067,CUST0184,2391.04,Pune,0,5893.75,0
TXN002068,CUST0073,733.25,Hyderabad,17,382.11,0
TXN002069,CUST0373,278.8,Hyderabad,20,18.0,0
TXN002070,CUST0123,89.51,Surat,11,1.0,0
TXN002071,CUST0476,219.57,Surat,10,646.12,0
TXN002072,CUST0462,134.38,Jaipur,7,1.0,0
TXN002073,CUST0381,887.06,Pune,0,1761.04,0
TXN002074,CUST0222,260.52,Bengaluru,17,1220.05,0
TXN002075,CUST0353,198.22,Bengaluru,10,212.71,0
TXN002076,CUST0269,174.54,Kanpur,17,240.45,0
TXN002077,CUST0213,2382.86,Lucknow,20,3923.02,0
TXN002078,CUST0250,516.28,Kanpur,15,1370.59,0
TXN002079,CUST0388,188.1,Chennai,13,1.0,0
TXN002080,CUST0453,155.41,Ahmedabad,19,834.54,0
TXN002081,CUST0326,595.01,Hyderabad,21,1827.77,0
TXN002082,CUST0042,1100.89,Hong Kong,8,3289.25,1
TXN002083,CUST0426,453.81,Kanpur,16,251.54,0
TXN002084,CUST0173,47.05,Chennai,22,586.56,0
TXN002085,CUST0119,407.71,Bhopal,12,1795.59,0
TXN002086,CUST0140,417.21,Bhopal,11,1335.07,0
TXN002087,CUST0261,147.0,Jaipur,12,1274.25,0
TXN002088,CUST0223,469.85,Delhi,9,1.0,0
TXN002089,CUST0328,642.03,Bhopal,9,2389.25,0
TXN002090,CUST0096,1005.06,Bhopal,7,1481.35,0
TXN002091,CUST0136,221.26,Hyderabad,18,1.0,0
TXN002092,CUST0314,64.08,Nagpur,16,319.13,0
TXN002093,CUST0054,317.89,Lucknow,20,1420.03,0
TXN002094,CUST0034,136.13,Pune,14,1.0,0
TXN002095,CUST0057,53.2,Bhopal,20,129.41,0
TXN002096,CUST0409,291.42,Delhi,19,610.56,0
TXN002097,CUST0076,3543.22,"Toronto, Canada",17,8274.57,1
TXN002098,CUST0259,51.36,Kolkata,16,132.19,0
TXN002099,CUST0370,284.96,Surat,18,1.0,0
TXN002100,CUST0258,131.77,Indore,15,1333.34,0
TXN002101,CUST0141,22.13,Kolkata,21,268.47,0
TXN002102,CUST0126,357.08,Chennai,14,127.35,0
TXN002103,CUST0442,213.97,"Sydney, Australia",15,971.83,1
TXN002104,CUST0055,150.72,Jaipur,2,757.77,0
TXN002105,CUST0080,83.69,Nagpur,10,1.0,0
TXN002106,CUST0206,3187.19,"Paris, France",15,1740.95,1
TXN002107,CUST0488,1515.41,Kanpur,2,2255.31,0
TXN002108,CUST0438,91.05,Bhopal,13,151.08,0
TXN002109,CUST0002,257.41,Bengaluru,5,1.0,0
TXN002110,CUST0274,496.02,"Tokyo, Japan",9,1412.25,1
TXN002111,CUST0122,171.22,Kanpur,21,1063.53,0
TXN002112,CUST0268,157.66,Mumbai,20,730.86,0
TXN002113,CUST0323,64.6,Nagpur,21,920.57,0
TXN002114,CUST0043,65.96,Bengaluru,5,151.15,0
TXN002115,CUST0460,198.83,Surat,15,646.0,0
TXN002116,CUST0363,178.71,Jaipur,20,27.78,0
TXN002117,CUST0188,1063.96,Ahmedabad,12,1052.13,0
TXN002118,CUST0321,303.69,Indore,14,205.08,0
TXN002119,CUST0211,85.44,Chennai,13,532.43,0
TXN002120,CUST0119,142.25,"New York, USA",11,25.24,1
TXN002121,CUST0301,129.23,"New York, USA",5,514.16,1
TXN002122,CUST0335,56.76,Lucknow,21,1.0,0
TXN002123,CUST0477,160.27,Chennai,11,526.1,0
TXN002124,CUST0142,20.36,Bengaluru,12,1.0,0
TXN002125,CUST0490,193.72,"New York, USA",18,624.84,1
TXN002126,CUST0338,678.37,Bengaluru,15,1558.14,0
TXN002127,CUST0403,136.94,Chennai,23,1.0,0
TXN002128,CUST0457,117.91,Pune,17,120.46,0
TXN002129,CUST0490,710.47,Jaipur,4,440.48,0
TXN002130,CUST0145,859.69,Ahmedabad,15,1517.54,0
TXN002131,CUST0378,249.43,Kolkata,5,387.58,0
TXN002132,CUST0417,490.74,Pune,9,1.0,0
TXN002133,CUST0472,3944.75,Indore,10,1989.11,0
TXN002134,CUST0078,106.97,Jaipur,12,66.9,0
TXN002135,CUST0444,269.56,Bengaluru,14,491.24,0
TXN002136,CUST0035,296.04,Jaipur,9,267.11,0
TXN002137,CUST0430,374.68,Indore,12,273.94,0
TXN002138,CUST0490,393.16,Bengaluru,11,742.62,0
TXN002139,CUST0394,1453.86,Chennai,6,127.87,0
TXN002140,CUST0333,80.21,Kanpur,10,1.0,0
TXN002141,CUST0034,503.94,Indore,19,188.81,0
TXN002142,CUST0005,46.57,Kanpur,19,1.0,0
TXN002143,CUST0061,75.67,Kanpur,6,1.0,0
TXN002144,CUST0306,490.84,Bhopal,7,54.25,0
TXN002145,CUST0128,222.45,Singapore,12,348.81,1
TXN002146,CUST0258,222.63,Ahmedabad,11,1.0,0
TXN002147,CUST0122,88.16,Hyderabad,15,1.0,0
TXN002148,CUST0388,137.83,Mumbai,17,214.34,0
TXN002149,CUST0307,292.9,Surat,14,752.51,0
TXN002150,CUST0029,1349.19,"London, UK",13,2734.14,1
TXN002151,CUST0298,707.35,Ahmedabad,14,594.23,0
TXN002152,CUST0286,330.95,Kanpur,10,937.53,0
TXN002153,CUST0165,110.67,Kolkata,14,550.24,0
TXN002154,CUST0174,769.31,Lucknow,20,584.99,0
TXN002155,CUST0238,114.41,Hyderabad,16,1.0,0
TXN002156,CUST0493,1595.69,Mumbai,9,3798.59,0
TXN002157,CUST0039,131.56,Chennai,12,1.0,0
TXN002158,CUST0200,2389.18,"Sydney, Australia",21,4793.36,1
TXN002159,CUST0178,215.88,Hyderabad,10,421.67,0
TXN002160,CUST0455,643.13,Pune,11,286.92,0
TXN002161,CUST0238,316.59,Jaipur,7,442.14,0
TXN002162,CUST0056,201.46,Ahmedabad,18,1.0,0
TXN002163,CUST0382,94.13,Kolkata,11,122.93,0
TXN002164,CUST0139,264.93,Mumbai,16,69.71,0
TXN002165,CUST0018,107.74,Kanpur,14,606.6,0
TXN002166,CUST0030,53.84,Nagpur,9,1.0,0
TXN002167,CUST0367,67.67,Delhi,11,325.76,0
TXN002168,CUST0287,45.13,Indore,10,636.29,0
TXN002169,CUST0011,139.57,Kanpur,23,178.58,0
TXN002170,CUST0121,51.96,Bengaluru,11,1.0,0
TXN002171,CUST0360,260.71,Jaipur,14,482.65,0
TXN002172,CUST0145,398.46,Indore,8,810.81,0
TXN002173,CUST0256,168.15,Hyderabad,14,320.03,0
TXN002174,CUST0272,37.06,"Toronto, Canada",15,192.7,1
TXN002175,CUST0437,268.04,Hyderabad,8,1.0,0
TXN002176,CUST0231,116.92,"Toronto, Canada",5,209.99,1
TXN002177,CUST0019,55.49,Pune,8,1.0,0
TXN002178,CUST0500,556.2,Jaipur,13,431.07,0
TXN002179,CUST0223,706.02,"Dubai, UAE",9,1408.67,1
TXN002180,CUST0205,1173.31,Chennai,6,2692.49,0
TXN002181,CUST0397,891.14,Ahmedabad,13,258.35,0
TXN002182,CUST0077,373.7,Surat,20,1.0,0
TXN002183,CUST0101,71.3,Bengaluru,9,1.0,0
TXN002184,CUST0207,101.88,Chennai,22,602.95,0
TXN002185,CUST0264,230.35,Delhi,14,728.39,0
TXN002186,CUST0378,15.19,Jaipur,7,1.0,0
TXN002187,CUST0088,1283.6,Jaipur,12,1571.71,0
TXN002188,CUST0461,394.13,Hong Kong,11,173.59,1
TXN002189,CUST0082,187.39,Kanpur,7,338.3,0
TXN002190,CUST0276,136.52,Kolkata,7,1.0,0
TXN002191,CUST0388,103.0,Kolkata,11,561.22,0
TXN002192,CUST0281,113.32,Nagpur,19,1.0,0
TXN002193,CUST0141,1228.94,Mumbai,3,2309.65,0
TXN002194,CUST0117,564.7,Pune,18,1158.16,0
TXN002195,CUST0475,71.1,Chennai,18,106.24,0
TXN002196,CUST0140,732.36,Indore,12,1278.29,0
TXN002197,CUST0276,37.17,Mumbai,20,1.0,0
TXN002198,CUST0347,160.21,Mumbai,13,1.0,0
TXN002199,CUST0205,216.52,Indore,7,132.4,0
TXN002200,CUST0423,54.73,Bhopal,15,1.0,0
TXN002201,CUST0127,167.64,Chennai,0,415.12,0
TXN002202,CUST0366,109.12,Delhi,15,1271.02,0
TXN002203,CUST0435,37.52,Kanpur,17,258.87,0
TXN002204,CUST0058,257.05,Ahmedabad,11,1.0,0
TXN002205,CUST0165,116.64,Chennai,20,1.0,0
TXN002206,CUST0392,75.32,Surat,14,680.75,0
TXN002207,CUST0191,52.52,Ahmedabad,14,197.29,0
TXN002208,CUST0349,89.88,Kanpur,16,813.17,0
TXN002209,CUST0384,53.95,Mumbai,23,608.26,0
TXN002210,CUST0167,356.61,Chennai,14,1.0,0
TXN002211,CUST0058,73.55,Nagpur,14,624.31,0
TXN002212,CUST0297,1280.98,Singapore,14,1710.09,1
TXN002213,CUST0459,158.98,Kolkata,19,1264.62,0
TXN002214,CUST0199,74.39,Lucknow,18,1.0,0
TXN002215,CUST0241,51.33,Bengaluru,19,540.07,0
TXN002216,CUST0202,565.66,Surat,18,44.1,0
TXN002217,CUST0162,116.05,Pune,19,1.0,0
TXN002218,CUST0443,351.74,Pune,11,1277.17,0
TXN002219,CUST0063,765.32,Pune,3,1197.06,0
TXN002220,CUST0035,152.23,Mumbai,22,93.42,0
TXN002221,CUST0356,124.04,Hyderabad,15,1.0,0
TXN002222,CUST0329,390.72,Jaipur,13,711.81,0
TXN002223,CUST0490,108.62,Kanpur,16,345.91,0
TXN002224,CUST0230,1469.93,"Dubai, UAE",11,337.43,1
TXN002225,CUST0109,218.24,Singapore,14,681.97,1
TXN002226,CUST0268,135.16,Chennai,22,1.0,0
TXN002227,CUST0384,889.3,"Frankfurt, Germany",22,2452.47,1
TXN002228,CUST0498,49.04,Jaipur,14,526.77,0
TXN002229,CUST0340,297.73,Chennai,12,313.29,0
TXN002230,CUST0283,606.57,"Frankfurt, Germany",7,634.32,1
TXN002231,CUST0392,103.58,Hyderabad,19,408.4,0
TXN002232,CUST0470,218.3,Kanpur,15,1.0,0
TXN002233,CUST0378,341.75,Delhi,12,256.89,0
TXN002234,CUST0428,107.05,Jaipur,7,1.0,0
TXN002235,CUST0125,299.3,Hyderabad,6,587.34,0
TXN002236,CUST0117,155.39,Chennai,9,1.0,0
TXN002237,CUST0267,670.5,"New York, USA",17,515.48,1
TXN002238,CUST0424,694.72,Surat,9,1.0,0
TXN002239,CUST0032,120.55,Pune,9,1.0,0
TXN002240,CUST0477,158.94,Nagpur,12,1.0,0
TXN002241,CUST0148,171.87,Hyderabad,11,408.31,0
TXN002242,CUST0100,356.43,Surat,16,555.35,0
TXN002243,CUST0198,364.37,Kanpur,22,629.38,0
TXN002244,CUST0343,221.16,Chennai,7,1.0,0
TXN002245,CUST0459,1575.57,"Frankfurt, Germany",21,1708.29,1
TXN002246,CUST0043,91.12,Delhi,7,1.0,0
TXN002247,CUST0333,195.6,Bhopal,15,276.57,0
TXN002248,CUST0439,62.24,Delhi,21,700.69,0
TXN002249,CUST0183,448.94,Indore,16,1089.34,0
TXN002250,CUST0075,35.99,Bhopal,9,391.33,0
TXN002251,CUST0183,157.26,Kanpur,17,1.0,0
TXN002252,CUST0324,49.12,Lucknow,18,1.0,0
TXN002253,CUST0069,133.49,Delhi,10,625.55,0
TXN002254,CUST0359,527.59,Bhopal,15,892.07,0
TXN002255,CUST0049,967.25,"Sydney, Australia",8,945.38,1
TXN002256,CUST0109,62.06,Delhi,20,1.0,0
TXN002257,CUST0038,45.73,Hyderabad,22,476.03,0
TXN002258,CUST0342,282.46,Delhi,17,57.88,0
TXN002259,CUST0389,94.13,Lucknow,18,1753.93,0
TXN002260,CUST0120,13.74,Kolkata,10,98.88,0
TXN002261,CUST0467,1122.94,"Tokyo, Japan",18,2710.87,1
TXN002262,CUST0004,83.35,Delhi,19,648.38,0
TXN002263,CUST0197,686.39,"Dubai, UAE",22,1.0,1
TXN002264,CUST0036,313.79,Mumbai,10,1014.4,0
TXN002265,CUST0177,40.52,Kanpur,23,444.47,0
TXN002266,CUST0130,435.9,Bengaluru,11,522.25,0
TXN002267,CUST0159,116.4,Mumbai,16,1.0,0
TXN002268,CUST0221,431.74,Delhi,7,376.36,0
TXN002269,CUST0261,318.7,Jaipur,19,882.28,0
TXN002270,CUST0182,338.44,Ahmedabad,15,563.17,0
TXN002271,CUST0072,156.09,Lucknow,8,1.0,0
TXN002272,CUST0124,178.52,Hyderabad,13,1316.16,0
TXN002273,CUST0295,879.21,Hyderabad,19,1.0,0
TXN002274,CUST0367,174.28,Mumbai,10,263.66,0
TXN002275,CUST0099,280.45,Chennai,14,1.0,0
TXN002276,CUST0483,216.13,Nagpur,16,1.0,0
TXN002277,CUST0031,319.68,Pune,11,931.42,0
TXN002278,CUST0367,246.09,Bengaluru,0,470.1,0
TXN002279,CUST0226,158.53,Hyderabad,17,763.95,0
TXN002280,CUST0371,564.18,Chennai,14,2326.17,0
TXN002281,CUST0359,600.62,Bhopal,11,887.67,0
TXN002282,CUST0279,66.43,Pune,23,1.0,0
TXN002283,CUST0242,162.34,Nagpur,10,647.75,0
TXN002284,CUST0370,224.09,Mumbai,10,244.83,0
TXN002285,CUST0124,67.11,Ahmedabad,17,915.72,0
TXN002286,CUST0336,50.28,Delhi,6,1.0,0
TXN002287,CUST0113,80.49,Indore,5,1.0,0
TXN002288,CUST0042,482.25,Indore,16,1.0,0
TXN002289,CUST0385,392.47,Hyderabad,19,476.19,0
TXN002290,CUST0493,75.77,Kanpur,9,537.74,0
TXN002291,CUST0011,94.76,Bhopal,17,142.72,0
TXN002292,CUST0466,130.64,Nagpur,20,1.0,0
TXN002293,CUST0375,339.59,Delhi,12,587.02,0
TXN002294,CUST0015,43.01,Kanpur,8,295.82,0
TXN002295,CUST0315,190.94,Kanpur,10,1.0,0
TXN002296,CUST0405,108.58,Kanpur,8,1.0,0
TXN002297,CUST0350,158.79,Kolkata,19,1.0,0
TXN002298,CUST0490,561.78,Hyderabad,5,160.4,0
TXN002299,CUST0123,65.7,Indore,7,1.0,0
TXN002300,CUST0042,117.71,Bhopal,13,357.24,0
TXN002301,CUST0227,768.91,"Toronto, Canada",7,176.56,1
TXN002302,CUST0462,68.7,Delhi,13,560.0,0
TXN002303,CUST0456,712.69,Lucknow,20,464.55,0
TXN002304,CUST0414,107.3,Ahmedabad,15,1.0,0
TXN002305,CUST0426,199.83,Bhopal,18,235.86,0
TXN002306,CUST0365,297.92,Bhopal,22,401.95,0
TXN002307,CUST0011,143.72,Surat,9,1.0,0
TXN002308,CUST0059,349.46,"Paris, France",17,108.29,1
TXN002309,CUST0384,155.47,Pune,13,1431.87,0
TXN002310,CUST0336,835.27,Bhopal,17,1830.67,0
TXN002311,CUST0040,363.56,Kolkata,7,168.42,0
TXN002312,CUST0367,856.68,"New York, USA",20,300.61,1
TXN002313,CUST0096,884.3,"Dubai, UAE",10,1538.69,1
TXN002314,CUST0065,3285.52,"London, UK",10,6326.7,1
TXN002315,CUST0333,1126.67,"Toronto, Canada",18,1821.94,1
TXN002316,CUST0482,1644.92,"New York, USA",11,4241.58,1
TXN002317,CUST0152,143.38,"Frankfurt, Germany",19,767.51,1
TXN002318,CUST0467,477.07,Delhi,13,477.01,0
TXN002319,CUST0327,478.77,Hong Kong,15,560.05,1
TXN002320,CUST0069,142.12,Kanpur,8,253.81,0
TXN002321,CUST0276,101.73,Bhopal,7,151.7,0
TXN002322,CUST0380,75.37,Nagpur,6,621.27,0
TXN002323,CUST0283,677.69,"Toronto, Canada",18,212.41,1
TXN002324,CUST0145,148.33,Jaipur,13,1.0,0
TXN002325,CUST0182,510.34,Indore,9,938.42,0
TXN002326,CUST0366,442.18,Hong Kong,18,397.01,1
TXN002327,CUST0135,570.58,Lucknow,5,1.0,0
TXN002328,CUST0108,213.78,Hyderabad,19,408.75,0
TXN002329,CUST0049,171.11,Chennai,11,1.0,0
TXN002330,CUST0425,85.45,Chennai,11,691.65,0
TXN002331,CUST0049,87.23,"London, UK",6,327.29,1
TXN002332,CUST0192,16.41,Kanpur,12,374.42,0
TXN002333,CUST0015,313.14,Delhi,17,87.82,0
TXN002334,CUST0011,839.36,Hyderabad,9,568.57,0
TXN002335,CUST0279,171.93,Chennai,18,309.19,0
TXN002336,CUST0038,125.38,Hyderabad,22,1.0,0
TXN002337,CUST0379,233.99,Bengaluru,12,1.0,0
TXN002338,CUST0424,381.8,Bengaluru,11,553.45,0
TXN002339,CUST0444,77.28,Indore,11,1.0,0
TXN002340,CUST0204,93.01,Surat,11,752.8,0
TXN002341,CUST0026,304.86,Kolkata,8,353.21,0
TXN002342,CUST0166,1157.46,Kolkata,15,887.53,0
TXN002343,CUST0383,513.98,Kanpur,17,137.08,0
TXN002344,CUST0006,341.7,Mumbai,11,1.0,0
TXN002345,CUST0090,453.44,Pune,8,1.0,0
TXN002346,CUST0412,934.66,"New York, USA",23,2919.12,1
TXN002347,CUST0464,3622.32,Singapore,22,1824.17,1
TXN002348,CUST0099,493.07,Lucknow,12,1014.56,0
TXN002349,CUST0395,138.18,Lucknow,7,1297.78,0
TXN002350,CUST0210,1566.98,"Toronto, Canada",12,581.93,1
TXN002351,CUST0181,837.35,"Paris, France",18,1113.15,1
TXN002352,CUST0119,317.67,Chennai,11,1006.09,0
TXN002353,CUST0418,145.47,Delhi,21,1.0,0
TXN002354,CUST0009,732.39,Lucknow,21,1146.34,0
TXN002355,CUST0144,121.6,Ahmedabad,12,368.99,0
TXN002356,CUST0459,143.87,Chennai,11,1.0,0
TXN002357,CUST0359,168.87,Bengaluru,23,898.92,0
TXN002358,CUST0098,151.86,Chennai,14,140.1,0
TXN002359,CUST0244,241.89,Chennai,9,1005.63,0
TXN002360,CUST0197,69.9,Kanpur,17,604.84,0
TXN002361,CUST0404,440.57,Bhopal,7,131.7,0
TXN002362,CUST0378,1247.41,Mumbai,23,2253.35,0
TXN002363,CUST0383,528.7,Indore,12,342.22,0
TXN002364,CUST0355,862.19,Mumbai,10,2820.63,0
TXN002365,CUST0477,62.12,Bhopal,14,1.0,0
TXN002366,CUST0061,427.6,Chennai,8,1.0,0
TXN002367,CUST0171,808.08,Delhi,19,2199.02,0
TXN002368,CUST0232,152.22,Lucknow,11,1581.78,0
TXN002369,CUST0411,155.79,Surat,11,104.81,0
TXN002370,CUST0427,2982.97,"Toronto, Canada",15,6554.68,1
TXN002371,CUST0489,451.45,Bhopal,18,1397.85,0
TXN002372,CUST0015,212.6,Surat,14,1171.24,0
TXN002373,CUST0134,4431.39,Mumbai,23,7994.26,0
TXN002374,CUST0173,29.42,Bengaluru,8,1.0,0
TXN002375,CUST0288,1830.63,"Paris, France",15,565.06,1
TXN002376,CUST0444,496.68,Surat,21,1863.16,0
TXN002377,CUST0335,75.99,Jaipur,18,1.0,0
TXN002378,CUST0342,173.73,Delhi,19,293.72,0
TXN002379,CUST0099,51.72,Jaipur,8,1.0,0
TXN002380,CUST0113,105.28,Pune,8,294.27,0
TXN002381,CUST0198,140.05,Indore,13,1489.73,0
TXN002382,CUST0348,286.72,Mumbai,3,526.71,0
TXN002383,CUST0135,277.78,"Sydney, Australia",10,508.2,1
TXN002384,CUST0332,334.45,"Toronto, Canada",18,1.0,1
TXN002385,CUST0011,243.8,Delhi,16,667.06,0
TXN002386,CUST0300,164.83,Kolkata,9,137.88,0
TXN002387,CUST0152,6070.16,"Dubai, UAE",21,5952.98,1
TXN002388,CUST0060,77.08,Ahmedabad,13,1.0,0
TXN002389,CUST0044,40.03,Nagpur,21,1.0,0
TXN002390,CUST0265,181.61,Nagpur,14,453.29,0
TXN002391,CUST0088,268.55,"Frankfurt, Germany",14,689.59,1
TXN002392,CUST0126,109.43,Kanpur,18,237.52,0
TXN002393,CUST0336,41.17,"Tokyo, Japan",12,1.0,1
TXN002394,CUST0272,142.61,Pune,9,694.28,0
TXN002395,CUST0018,94.5,Ahmedabad,11,1.0,0
TXN002396,CUST0193,2892.13,"Tokyo, Japan",13,3478.84,1
TXN002397,CUST0423,96.04,Surat,13,771.25,0
TXN002398,CUST0092,1032.23,Bhopal,20,1986.24,0
TXN002399,CUST0167,195.71,Surat,6,1.0,0
TXN002400,CUST0191,102.79,Mumbai,11,1.0,0
TXN002401,CUST0081,588.19,"Sydney, Australia",12,858.11,1
TXN002402,CUST0285,1295.47,"Dubai, UAE",8,827.13,1
TXN002403,CUST0108,179.29,Jaipur,14,197.8,0
TXN002404,CUST0076,397.15,Jaipur,21,1.0,0
TXN002405,CUST0348,569.12,Nagpur,21,426.92,0
TXN002406,CUST0065,3008.54,"London, UK",10,4273.41,1
TXN002407,CUST0366,105.55,Hyderabad,8,1.0,0
TXN002408,CUST0161,257.08,Mumbai,13,775.22,0
TXN002409,CUST0380,27.78,Bengaluru,22,284.74,0
TXN002410,CUST0179,1201.22,Indore,8,1751.63,0
TXN002411,CUST0223,247.8,Delhi,16,1.0,0
TXN002412,CUST0161,3891.97,"Dubai, UAE",8,6249.52,1
TXN002413,CUST0339,4627.3,"Tokyo, Japan",13,4117.89,1
TXN002414,CUST0410,185.21,Hyderabad,5,647.79,0
TXN002415,CUST0478,304.74,Chennai,6,23.32,0
TXN002416,CUST0187,190.18,Bengaluru,12,57.87,0
TXN002417,CUST0162,151.4,Bengaluru,16,662.89,0
TXN002418,CUST0475,4871.35,"New York, USA",10,8292.73,1
TXN002419,CUST0167,275.25,Bengaluru,11,282.76,0
TXN002420,CUST0475,84.57,Ahmedabad,8,125.91,0
TXN002421,CUST0085,62.47,Surat,13,397.53,0
TXN002422,CUST0083,292.12,Nagpur,10,402.16,0
TXN002423,CUST0393,1321.65,"Tokyo, Japan",20,2488.4,1
TXN002424,CUST0408,335.29,Chennai,22,697.39,0
TXN002425,CUST0337,101.29,Nagpur,17,206.58,0
TXN002426,CUST0122,31.71,Jaipur,6,31.84,0
TXN002427,CUST0023,151.1,Surat,11,1168.29,0
TXN002428,CUST0128,11.01,Nagpur,23,1.0,0
TXN002429,CUST0202,251.83,Mumbai,18,72.16,0
TXN002430,CUST0214,2582.37,"London, UK",10,3623.25,1
TXN002431,CUST0307,68.43,Indore,19,1.0,0
TXN002432,CUST0281,408.4,"Frankfurt, Germany",16,195.45,1
TXN002433,CUST0081,703.77,Bhopal,9,1076.02,0
TXN002434,CUST0046,168.22,Ahmedabad,21,689.69,0
TXN002435,CUST0350,96.23,Nagpur,11,1.0,0
TXN002436,CUST0356,231.59,Surat,19,459.07,0
TXN002437,CUST0222,3920.82,"Sydney, Australia",11,6486.21,1
TXN002438,CUST0443,5.47,Kolkata,17,149.65,0
TXN002439,CUST0393,418.3,Delhi,23,265.3,0
TXN002440,CUST0208,5975.81,"Frankfurt, Germany",6,6923.49,1
TXN002441,CUST0311,625.75,"Toronto, Canada",20,1750.74,1
TXN002442,CUST0042,217.55,Indore,9,333.86,0
TXN002443,CUST0305,372.21,Hyderabad,15,625.75,0
TXN002444,CUST0444,725.67,Surat,20,1478.22,0
TXN002445,CUST0194,425.03,"London, UK",16,118.38,1
TXN002446,CUST0261,140.11,"Paris, France",11,114.52,1
TXN002447,CUST0390,561.99,Pune,3,1880.35,0
TXN002448,CUST0065,551.23,Pune,12,607.06,0
TXN002449,CUST0495,75.56,Ahmedabad,8,1.0,0
TXN002450,CUST0309,73.55,Kanpur,22,670.02,0
TXN002451,CUST0301,70.38,Mumbai,9,1.0,0
TXN002452,CUST0422,79.48,Nagpur,7,1.0,0
TXN002453,CUST0414,23.86,Ahmedabad,18,1.0,0
TXN002454,CUST0310,74.65,Jaipur,5,1.0,0
TXN002455,CUST0085,673.33,Mumbai,13,1127.84,0
TXN002456,CUST0295,315.97,Delhi,9,1007.82,0
TXN002457,CUST0367,84.79,Ahmedabad,11,388.42,0
TXN002458,CUST0498,357.2,Surat,4,1.0,0
TXN002459,CUST0457,226.69,Mumbai,12,75.63,0
TXN002460,CUST0134,297.93,"London, UK",10,1529.38,1
TXN002461,CUST0482,75.41,Hyderabad,7,1.0,0
TXN002462,CUST0222,4003.34,Kolkata,17,6515.41,0
TXN002463,CUST0366,403.69,Pune,11,900.89,0
TXN002464,CUST0234,74.43,Lucknow,22,1.0,0
TXN002465,CUST0327,463.26,Nagpur,12,1510.85,0
TXN002466,CUST0157,499.39,Chennai,15,1418.8,0
TXN002467,CUST0320,168.44,Delhi,9,776.97,0
TXN002468,CUST0128,192.65,Kanpur,19,852.6,0
TXN002469,CUST0331,187.64,Surat,14,1.0,0
TXN002470,CUST0474,121.48,Mumbai,7,1.0,0
TXN002471,CUST0157,163.96,Kolkata,13,740.96,0
TXN002472,CUST0106,534.04,Bengaluru,21,1.0,0
TXN002473,CUST0240,1798.96,Indore,19,3241.51,0
TXN002474,CUST0231,172.28,Mumbai,2,645.29,0
TXN002475,CUST0065,260.27,Surat,17,517.21,0
TXN002476,CUST0094,39.0,Bengaluru,23,99.76,0
TXN002477,CUST0034,706.08,Kolkata,12,1756.89,0
TXN002478,CUST0026,100.87,Bengaluru,14,1.0,0
TXN002479,CUST0420,1512.5,"New York, USA",22,1286.72,1
TXN002480,CUST0054,2445.62,Chennai,19,2504.01,0
TXN002481,CUST0076,656.56,Ahmedabad,22,805.96,0
TXN002482,CUST0214,1401.42,Kanpur,13,2733.72,0
TXN002483,CUST0269,162.12,Kolkata,12,963.57,0
TXN002484,CUST0018,2146.07,Jaipur,11,5137.81,0
TXN002485,CUST0101,328.96,Ahmedabad,17,1.0,0
TXN002486,CUST0419,567.36,Indore,15,1219.44,0
TXN002487,CUST0155,15.15,Surat,18,1.0,0
TXN002488,CUST0076,155.64,Ahmedabad,8,385.43,0
TXN002489,CUST0271,187.82,Hyderabad,10,503.26,0
TXN002490,CUST0144,33.6,Pune,6,1.0,0
TXN002491,CUST0428,2765.64,Bengaluru,0,527.99,0
TXN002492,CUST0451,37.02,Chennai,11,116.7,0
TXN002493,CUST0204,416.91,Indore,10,509.77,0
TXN002494,CUST0190,360.83,Kanpur,18,845.18,0
TXN002495,CUST0052,315.64,"Tokyo, Japan",0,1430.95,1
TXN002496,CUST0175,274.23,"Sydney, Australia",18,139.59,1
TXN002497,CUST0086,296.3,Ahmedabad,18,1.0,0
TXN002498,CUST0454,206.02,Chennai,17,1.0,0
TXN002499,CUST0083,108.25,Pune,14,1.0,0
TXN002500,CUST0131,600.9,Chennai,2,770.45,0
TXN002501,CUST0432,113.68,Mumbai,15,1.0,0
TXN002502,CUST0279,63.57,Nagpur,13,58.44,0
TXN002503,CUST0100,112.75,Surat,13,522.39,0
TXN002504,CUST0289,321.14,"Paris, France",15,703.54,1
TXN002505,CUST0250,731.3,Nagpur,2,520.03,0
TXN002506,CUST0182,271.39,Kolkata,17,188.39,0
TXN002507,CUST0229,129.18,Kolkata,14,608.59,0
TXN002508,CUST0192,92.58,Pune,16,495.14,0
TXN002509,CUST0319,1176.49,Indore,13,3426.35,0
TXN002510,CUST0454,137.38,Mumbai,11,1.0,0
TXN002511,CUST0326,873.27,Delhi,17,1824.44,0
TXN002512,CUST0092,464.45,Pune,22,904.53,0
TXN002513,CUST0427,156.98,Hyderabad,20,1.0,0
TXN002514,CUST0427,110.39,Ahmedabad,9,404.25,0
TXN002515,CUST0047,715.56,Jaipur,9,1.0,0
TXN002516,CUST0066,419.09,Ahmedabad,19,740.64,0
TXN002517,CUST0029,429.81,Hyderabad,13,1845.64,0
TXN002518,CUST0351,465.89,Lucknow,13,69.42,0
TXN002519,CUST0461,156.89,Chennai,9,696.94,0
TXN002520,CUST0340,405.49,Lucknow,17,336.38,0
TXN002521,CUST0026,74.24,Hyderabad,8,1.0,0
TXN002522,CUST0234,37.48,Mumbai,14,1.0,0
TXN002523,CUST0085,133.04,"New York, USA",7,1161.71,1
TXN002524,CUST0239,132.06,Pune,16,1.0,0
TXN002525,CUST0228,58.92,Chennai,19,323.23,0
TXN002526,CUST0429,159.59,Surat,8,1.0,0
TXN002527,CUST0339,224.43,Mumbai,5,1.0,0
TXN002528,CUST0243,160.29,Bhopal,13,422.48,0
TXN002529,CUST0425,447.14,Pune,7,585.67,0
TXN002530,CUST0233,275.8,Nagpur,18,172.59,0
TXN002531,CUST0499,2251.94,Jaipur,3,2986.19,0
TXN002532,CUST0204,203.85,Hyderabad,18,1.0,0
TXN002533,CUST0375,208.21,Lucknow,9,816.75,0
TXN002534,CUST0413,103.42,Surat,8,1.0,0
TXN002535,CUST0325,33.33,Lucknow,18,1.0,0
TXN002536,CUST0196,643.5,Nagpur,7,1.0,0
TXN002537,CUST0224,35.71,Bengaluru,15,182.2,0
TXN002538,CUST0212,319.3,Indore,13,707.09,0
TXN002539,CUST0488,407.62,Jaipur,14,1311.88,0
TXN002540,CUST0341,433.63,Surat,15,858.87,0
TXN002541,CUST0183,245.31,Lucknow,12,364.64,0
TXN002542,CUST0102,141.94,Mumbai,9,1.0,0
TXN002543,CUST0153,313.44,Hyderabad,17,69.13,0
TXN002544,CUST0434,125.06,Pune,12,1.0,0
TXN002545,CUST0178,192.61,Kanpur,9,450.21,0
TXN002546,CUST0015,33.08,Jaipur,11,1.0,0
TXN002547,CUST0190,98.45,Hyderabad,13,717.25,0
TXN002548,CUST0224,122.02,Chennai,18,194.79,0
TXN002549,CUST0036,18.68,Nagpur,7,1.0,0
TXN002550,CUST0410,437.44,Mumbai,3,476.74,0
TXN002551,CUST0408,362.75,Bhopal,18,841.33,0
TXN002552,CUST0314,346.09,Chennai,0,267.91,0
TXN002553,CUST0426,295.1,Nagpur,6,13.78,0
TXN002554,CUST0447,231.28,"Tokyo, Japan",21,729.78,1
TXN002555,CUST0079,353.28,Surat,6,461.23,0
TXN002556,CUST0162,566.34,Mumbai,23,1137.73,0
TXN002557,CUST0156,215.68,Hyderabad,17,1.0,0
TXN002558,CUST0420,244.99,Jaipur,19,554.25,0
TXN002559,CUST0108,281.48,Kolkata,11,1.0,0
TXN002560,CUST0170,449.35,Bengaluru,15,481.64,0
TXN002561,CUST0197,230.88,Singapore,6,944.19,1
TXN002562,CUST0472,221.97,Kanpur,21,1187.94,0
TXN002563,CUST0442,552.61,Chennai,13,1.0,0
TXN002564,CUST0249,144.7,Indore,10,770.64,0
TXN002565,CUST0430,220.75,Mumbai,9,530.97,0
TXN002566,CUST0108,70.82,Bhopal,9,1.0,0
TXN002567,CUST0376,54.76,Surat,10,795.6,0
TXN002568,CUST0424,63.72,Delhi,15,81.12,0
TXN002569,CUST0248,180.51,"London, UK",10,338.24,1
TXN002570,CUST0071,503.53,Kanpur,17,694.32,0
TXN002571,CUST0138,72.29,Mumbai,8,1.0,0
TXN002572,CUST0085,73.28,Kanpur,17,579.2,0
TXN002573,CUST0043,37.95,Pune,10,1.0,0
TXN002574,CUST0092,29.27,Mumbai,10,212.48,0
TXN002575,CUST0182,2707.02,Singapore,9,4247.92,1
TXN002576,CUST0049,187.07,Chennai,15,1.0,0
TXN002577,CUST0355,669.64,Bhopal,8,1.0,0
TXN002578,CUST0316,24.89,Bengaluru,15,463.42,0
TXN002579,CUST0081,144.91,Nagpur,10,1.0,0
TXN002580,CUST0138,95.52,Jaipur,15,945.5,0
TXN002581,CUST0074,82.76,Ahmedabad,17,31.63,0
TXN002582,CUST0307,187.01,Ahmedabad,22,601.21,0
TXN002583,CUST0263,75.29,Jaipur,12,978.14,0
TXN002584,CUST0421,22.07,Jaipur,13,730.92,0
TXN002585,CUST0107,172.94,Nagpur,9,1.0,0
TXN002586,CUST0047,39.59,Hyderabad,22,1.0,0
TXN002587,CUST0203,423.14,Jaipur,0,355.19,0
TXN002588,CUST0277,127.22,Delhi,19,535.59,0
TXN002589,CUST0169,168.12,Lucknow,14,586.18,0
TXN002590,CUST0199,327.87,Hyderabad,12,1401.51,0
TXN002591,CUST0453,686.63,Jaipur,15,1067.81,0
TXN002592,CUST0078,862.26,Hong Kong,20,656.53,1
TXN002593,CUST0461,155.21,Jaipur,14,1006.64,0
TXN002594,CUST0282,572.54,Jaipur,19,719.67,0
TXN002595,CUST0289,1565.45,"London, UK",9,3746.6,1
TXN002596,CUST0381,95.62,Indore,21,119.54,0
TXN002597,CUST0235,551.85,Kolkata,15,1.0,0
TXN002598,CUST0353,206.88,Bengaluru,20,1.0,0
TXN002599,CUST0437,431.47,Hong Kong,6,843.52,1
TXN002600,CUST0175,123.15,Mumbai,11,485.7,0
TXN002601,CUST0140,860.89,Chennai,14,1269.78,0
TXN002602,CUST0451,50.23,Jaipur,7,1.0,0
TXN002603,CUST0247,181.26,Nagpur,7,1.0,0
TXN002604,CUST0234,159.49,Hyderabad,8,957.1,0
TXN002605,CUST0398,87.02,Hyderabad,13,36.82,0
TXN002606,CUST0127,643.82,Singapore,19,1382.96,1
TXN002607,CUST0023,2403.32,"Dubai, UAE",19,5084.47,1
TXN002608,CUST0242,904.19,"Dubai, UAE",18,1546.61,1
TXN002609,CUST0009,6738.17,"Dubai, UAE",19,6350.99,1
TXN002610,CUST0045,158.1,Hyderabad,7,1.0,0
TXN002611,CUST0323,60.86,Indore,11,434.36,0
TXN002612,CUST0469,361.44,Indore,17,697.56,0
TXN002613,CUST0209,570.28,Mumbai,15,1.0,0
TXN002614,CUST0293,213.55,Delhi,19,1.83,0
TXN002615,CUST0095,219.69,Delhi,17,20.66,0
TXN002616,CUST0225,128.81,Nagpur,15,1.0,0
TXN002617,CUST0002,302.33,"Toronto, Canada",18,235.94,1
TXN002618,CUST0360,3341.91,"Dubai, UAE",19,6055.52,1
TXN002619,CUST0373,474.34,"Dubai, UAE",19,1131.08,1
TXN002620,CUST0241,125.77,Lucknow,15,311.32,0
TXN002621,CUST0469,248.69,Pune,12,45.85,0
TXN002622,CUST0064,121.01,Bengaluru,18,419.17,0
TXN002623,CUST0272,103.32,Chennai,18,120.75,0
TXN002624,CUST0164,41.8,Chennai,21,789.67,0
TXN002625,CUST0032,148.8,Hyderabad,20,112.65,0
TXN002626,CUST0261,62.25,Delhi,8,1.0,0
TXN002627,CUST0121,441.82,Kanpur,14,791.3,0
TXN002628,CUST0316,450.41,Bengaluru,9,1703.64,0
TXN002629,CUST0191,4649.71,"Paris, France",11,2093.34,1
TXN002630,CUST0012,67.56,Mumbai,5,269.2,0
TXN002631,CUST0232,111.58,Nagpur,15,88.92,0
TXN002632,CUST0014,104.13,"Sydney, Australia",13,1.0,1
TXN002633,CUST0234,46.92,Bhopal,23,1.0,0
TXN002634,CUST0260,268.26,Mumbai,10,378.25,0
TXN002635,CUST0117,497.22,Pune,11,341.09,0
TXN002636,CUST0385,92.32,Mumbai,17,719.63,0
TXN002637,CUST0400,139.57,Delhi,9,962.43,0
TXN002638,CUST0096,42.58,Lucknow,23,634.31,0
TXN002639,CUST0153,57.99,Delhi,14,620.26,0
TXN002640,CUST0383,149.1,Kolkata,19,1.0,0
TXN002641,CUST0274,1390.64,Hong Kong,12,2310.16,1
TXN002642,CUST0424,240.56,Mumbai,14,143.92,0
TXN002643,CUST0007,221.96,Delhi,6,714.05,0
TXN002644,CUST0462,388.9,Pune,14,1029.68,0
TXN002645,CUST0178,281.42,Surat,14,717.52,0
TXN002646,CUST0421,68.21,Pune,20,1.0,0
TXN002647,CUST0004,114.54,Surat,21,1.0,0
TXN002648,CUST0185,363.99,Jaipur,7,634.11,0
TXN002649,CUST0376,715.98,Kolkata,17,744.92,0
TXN002650,CUST0021,310.88,Hong Kong,8,268.62,1
TXN002651,CUST0074,317.72,Hyderabad,12,1076.4,0
TXN002652,CUST0281,46.99,Kanpur,7,406.71,0
TXN002653,CUST0149,83.85,Surat,15,447.46,0
TXN002654,CUST0177,272.77,"London, UK",11,473.62,1
TXN002655,CUST0366,165.06,Mumbai,21,1.0,0
TXN002656,CUST0463,46.47,Chennai,13,1.0,0
TXN002657,CUST0250,111.82,Surat,14,803.76,0
TXN002658,CUST0393,253.14,Kanpur,9,734.58,0
TXN002659,CUST0007,192.43,Bengaluru,13,507.69,0
TXN002660,CUST0147,128.93,Delhi,10,1.0,0
TXN002661,CUST0481,519.05,Surat,9,1072.34,0
TXN002662,CUST0228,81.4,Kolkata,14,190.3,0
TXN002663,CUST0393,102.83,Chennai,22,354.63,0
TXN002664,CUST0122,60.06,Jaipur,17,167.14,0
TXN002665,CUST0017,183.84,Bengaluru,8,523.29,0
TXN002666,CUST0161,226.05,Bengaluru,17,245.38,0
TXN002667,CUST0391,173.64,Bengaluru,20,159.14,0
TXN002668,CUST0426,146.25,Lucknow,16,1.0,0
TXN002669,CUST0018,63.07,Kolkata,7,1.0,0
TXN002670,CUST0280,164.16,Ahmedabad,23,152.08,0
TXN002671,CUST0353,736.97,Kolkata,12,1975.4,0
TXN002672,CUST0453,431.02,Indore,19,1.0,0
TXN002673,CUST0248,61.11,Ahmedabad,6,725.78,0
TXN002674,CUST0239,346.14,"New York, USA",18,171.58,1
TXN002675,CUST0418,737.12,Jaipur,19,709.38,0
TXN002676,CUST0289,569.5,Delhi,7,1029.78,0
TXN002677,CUST0081,96.68,Jaipur,0,370.21,0
TXN002678,CUST0228,193.13,Indore,12,440.29,0
TXN002679,CUST0392,592.84,Pune,23,605.09,0
TXN002680,CUST0246,41.29,Nagpur,21,124.54,0
TXN002681,CUST0258,211.93,Pune,21,1.0,0
TXN002682,CUST0120,600.69,Hong Kong,12,1989.34,1
TXN002683,CUST0480,126.53,Kolkata,23,1570.07,0
TXN002684,CUST0148,727.31,Hyderabad,22,908.41,0
TXN002685,CUST0487,28.02,Hyderabad,9,1.0,0
TXN002686,CUST0455,176.3,Chennai,17,758.62,0
TXN002687,CUST0454,148.04,Hyderabad,17,167.08,0
TXN002688,CUST0263,253.17,Delhi,21,95.9,0
TXN002689,CUST0399,163.0,Lucknow,12,632.37,0
TXN002690,CUST0436,173.37,Surat,20,174.87,0
TXN002691,CUST0343,82.74,Kolkata,13,1.0,0
TXN002692,CUST0254,15.6,Nagpur,20,172.44,0
TXN002693,CUST0323,861.06,Pune,17,637.94,0
TXN002694,CUST0236,185.76,Hyderabad,16,490.52,0
TXN002695,CUST0049,214.12,Lucknow,21,1.0,0
TXN002696,CUST0175,392.34,Kolkata,15,1.0,0
TXN002697,CUST0154,108.27,Nagpur,9,1.0,0
TXN002698,CUST0102,124.95,"Toronto, Canada",11,279.15,1
TXN002699,CUST0106,221.6,Bhopal,18,880.54,0
TXN002700,CUST0058,167.77,Ahmedabad,15,989.36,0
TXN002701,CUST0029,66.52,Nagpur,12,1.0,0
TXN002702,CUST0433,84.18,Bengaluru,3,422.61,0
TXN002703,CUST0456,602.06,Delhi,5,1413.8,0
TXN002704,CUST0475,2787.49,"Paris, France",19,5006.87,1
TXN002705,CUST0242,269.92,Mumbai,16,222.85,0
TXN002706,CUST0331,1184.07,"Frankfurt, Germany",17,525.72,1
TXN002707,CUST0366,253.36,Bhopal,22,335.35,0
TXN002708,CUST0115,103.66,Mumbai,16,1.0,0
TXN002709,CUST0180,29.58,Delhi,20,1.0,0
TXN002710,CUST0391,106.81,Bhopal,19,107.38,0
TXN002711,CUST0037,7488.46,Hong Kong,18,8443.99,1
TXN002712,CUST0182,277.01,Delhi,10,640.22,0
TXN002713,CUST0490,217.35,Indore,13,452.78,0
TXN002714,CUST0303,45.23,Ahmedabad,20,1.0,0
TXN002715,CUST0104,239.74,Indore,15,93.61,0
TXN002716,CUST0323,2782.15,"Toronto, Canada",9,515.9,1
TXN002717,CUST0067,964.11,"Frankfurt, Germany",9,2034.02,1
TXN002718,CUST0086,1043.2,Kolkata,21,2230.13,0
TXN002719,CUST0213,460.25,Jaipur,8,465.21,0
TXN002720,CUST0385,656.49,Bengaluru,20,1554.28,0
TXN002721,CUST0068,118.47,Kanpur,20,692.67,0
TXN002722,CUST0117,486.59,"Dubai, UAE",8,1310.33,1
TXN002723,CUST0395,340.84,Pune,10,774.61,0
TXN002724,CUST0003,297.36,Indore,13,1.0,0
TXN002725,CUST0230,234.5,Chennai,13,790.58,0
TXN002726,CUST0277,172.2,Indore,8,1.0,0
TXN002727,CUST0283,646.18,"Sydney, Australia",20,381.86,1
TXN002728,CUST0396,437.25,Kolkata,4,1.0,0
TXN002729,CUST0426,139.16,Pune,7,635.58,0
TXN002730,CUST0138,789.8,Hyderabad,20,516.8,0
TXN002731,CUST0391,68.82,Bhopal,22,626.5,0
TXN002732,CUST0230,67.46,Nagpur,18,1.0,0
TXN002733,CUST0189,358.36,Kolkata,11,1.0,0
TXN002734,CUST0311,99.1,Jaipur,11,281.6,0
TXN002735,CUST0490,598.48,Chennai,12,232.72,0
TXN002736,CUST0115,1065.54,"Frankfurt, Germany",19,2075.21,1
TXN002737,CUST0340,88.77,Ahmedabad,11,111.89,0
TXN002738,CUST0003,8027.29,"Toronto, Canada",13,7021.23,1
TXN002739,CUST0449,266.81,Nagpur,12,667.95,0
TXN002740,CUST0050,401.49,Bhopal,18,1271.08,0
TXN002741,CUST0202,1531.16,"Dubai, UAE",16,1909.3,1
TXN002742,CUST0390,238.06,Jaipur,10,356.29,0
TXN002743,CUST0123,391.43,Nagpur,13,200.8,0
TXN002744,CUST0151,54.25,Kolkata,9,489.26,0
TXN002745,CUST0034,58.82,Lucknow,8,1022.91,0
TXN002746,CUST0484,183.95,Jaipur,15,862.34,0
TXN002747,CUST0182,579.58,Mumbai,11,1134.6,0
TXN002748,CUST0366,1199.46,Kanpur,22,1275.17,0
TXN002749,CUST0379,1398.75,"Dubai, UAE",20,1.0,1
TXN002750,CUST0398,468.61,Hyderabad,1,733.5,0
TXN002751,CUST0226,261.96,Indore,13,1.0,0
TXN002752,CUST0309,166.9,Bhopal,8,660.37,0
TXN002753,CUST0327,198.33,Lucknow,18,1.0,0
TXN002754,CUST0492,1268.49,Singapore,20,1988.48,1
TXN002755,CUST0359,194.96,Kanpur,21,665.51,0
TXN002756,CUST0216,158.37,Pune,0,1.0,0
TXN002757,CUST0221,459.58,Hyderabad,17,571.33,0
TXN002758,CUST0107,265.97,Nagpur,19,1.0,0
TXN002759,CUST0256,1443.03,Jaipur,7,3841.94,0
TXN002760,CUST0189,39.05,Kanpur,14,603.7,0
TXN002761,CUST0342,155.11,Pune,11,838.0,0
TXN002762,CUST0306,364.18,Pune,11,1409.09,0
TXN002763,CUST0468,1304.96,Pune,6,2199.3,0
TXN002764,CUST0319,103.94,Pune,12,1353.63,0
TXN002765,CUST0441,63.24,Bengaluru,17,1.0,0
TXN002766,CUST0426,11425.82,"Dubai, UAE",10,20203.61,1
TXN002767,CUST0372,183.88,Ahmedabad,13,740.22,0
TXN002768,CUST0255,398.28,Delhi,14,674.52,0
TXN002769,CUST0051,410.0,Delhi,21,1291.1,0
TXN002770,CUST0081,178.6,Nagpur,23,2.98,0
TXN002771,CUST0074,84.99,Hyderabad,6,1.0,0
TXN002772,CUST0261,520.1,Pune,12,948.5,0
TXN002773,CUST0438,628.12,Kanpur,13,1108.81,0
TXN002774,CUST0105,290.11,Lucknow,20,103.9,0
TXN002775,CUST0340,632.23,Chennai,18,879.36,0
TXN002776,CUST0113,61.4,Jaipur,21,1.0,0
TXN002777,CUST0422,26.84,Lucknow,21,1083.97,0
TXN002778,CUST0123,346.81,Indore,8,493.04,0
TXN002779,CUST0230,332.23,Surat,12,96.16,0
TXN002780,CUST0261,67.49,Kanpur,9,1.0,0
TXN002781,CUST0118,223.3,Lucknow,12,920.72,0
TXN002782,CUST0217,140.2,Kanpur,17,333.11,0
TXN002783,CUST0206,278.15,"Sydney, Australia",21,292.59,1
TXN002784,CUST0073,89.74,Chennai,13,10.5,0
TXN002785,CUST0302,1020.27,Lucknow,15,1676.27,0
TXN002786,CUST0195,120.0,Jaipur,7,1.0,0
TXN002787,CUST0074,209.65,"Paris, France",11,431.96,1
TXN002788,CUST0127,1252.88,Ahmedabad,17,1910.55,0
TXN002789,CUST0393,35.42,Nagpur,14,363.04,0
TXN002790,CUST0112,496.15,Delhi,8,467.54,0
TXN002791,CUST0279,20.27,Bhopal,19,1.0,0
TXN002792,CUST0076,118.16,Chennai,19,206.14,0
TXN002793,CUST0410,707.08,"New York, USA",19,628.29,1
TXN002794,CUST0186,55.4,Bengaluru,18,90.96,0
TXN002795,CUST0224,190.17,Bhopal,18,1.0,0
TXN002796,CUST0410,419.29,Hyderabad,7,1077.06,0
TXN002797,CUST0003,928.04,Indore,11,1015.63,0
TXN002798,CUST0092,89.39,Bengaluru,20,1502.03,0
TXN002799,CUST0171,134.3,Mumbai,15,293.79,0
TXN002800,CUST0255,75.01,Indore,12,1139.34,0
TXN002801,CUST0152,606.4,Lucknow,17,1330.83,0
TXN002802,CUST0269,135.62,Bengaluru,12,322.79,0
TXN002803,CUST0451,92.46,Ahmedabad,17,5.12,0
TXN002804,CUST0470,260.43,Delhi,0,272.13,0
TXN002805,CUST0397,128.97,Hyderabad,20,73.06,0
TXN002806,CUST0119,1055.34,Indore,16,1618.73,0
TXN002807,CUST0225,149.67,Ahmedabad,11,1.0,0
TXN002808,CUST0446,238.26,Surat,11,1.0,0
TXN002809,CUST0282,129.62,Indore,18,249.11,0
TXN002810,CUST0317,229.94,Hyderabad,8,288.81,0
TXN002811,CUST0335,299.43,Ahmedabad,10,86.97,0
TXN002812,CUST0309,55.43,Hyderabad,14,175.14,0
TXN002813,CUST0123,1461.58,"London, UK",11,776.77,1
TXN002814,CUST0076,527.85,Mumbai,9,686.18,0
TXN002815,CUST0056,484.68,Singapore,11,381.59,1
TXN002816,CUST0068,391.6,Surat,20,459.88,0
TXN002817,CUST0437,140.53,Surat,18,1.0,0
TXN002818,CUST0415,669.58,Surat,11,1231.6,0
TXN002819,CUST0162,123.61,Ahmedabad,16,1032.34,0
TXN002820,CUST0327,41.87,Hyderabad,8,1.0,0
TXN002821,CUST0311,110.95,Hyderabad,11,1.0,0
TXN002822,CUST0018,145.23,Pune,2,249.49,0
TXN002823,CUST0085,1971.32,"Tokyo, Japan",10,3073.62,1
TXN002824,CUST0485,106.56,Kanpur,16,1.0,0
TXN002825,CUST0494,45.18,Chennai,23,714.13,0
TXN002826,CUST0086,632.02,"New York, USA",10,1004.08,1
TXN002827,CUST0313,258.28,Jaipur,10,1207.34,0
TXN002828,CUST0095,519.84,"London, UK",5,990.38,1
TXN002829,CUST0192,78.45,Bhopal,12,1.0,0
TXN002830,CUST0007,186.44,Lucknow,15,666.41,0
TXN002831,CUST0262,185.3,Chennai,13,1.0,0
TXN002832,CUST0243,164.13,Chennai,7,379.3,0
TXN002833,CUST0174,238.46,Bhopal,15,1.0,0
TXN002834,CUST0255,306.16,Ahmedabad,9,1438.15,0
TXN002835,CUST0372,184.69,Kolkata,13,1.0,0
TXN002836,CUST0442,671.56,Delhi,9,1407.69,0
TXN002837,CUST0075,67.15,"Frankfurt, Germany",11,1148.79,1
TXN002838,CUST0128,121.06,Kolkata,6,1.0,0
TXN002839,CUST0108,78.91,Mumbai,13,1.0,0
TXN002840,CUST0227,50.45,Pune,9,391.48,0
TXN002841,CUST0481,313.5,"Frankfurt, Germany",21,873.48,1
TXN002842,CUST0268,282.57,Chennai,10,1.0,0
TXN002843,CUST0231,429.55,Kanpur,9,1.0,0
TXN002844,CUST0256,763.78,Hong Kong,10,684.91,1
TXN002845,CUST0472,178.92,Indore,17,328.39,0
TXN002846,CUST0141,142.25,Bhopal,20,1.0,0
TXN002847,CUST0455,218.48,Mumbai,16,526.95,0
TXN002848,CUST0332,172.76,Lucknow,23,1.0,0
TXN002849,CUST0424,253.46,Chennai,13,1.0,0
TXN002850,CUST0272,729.6,Chennai,19,2867.63,0
TXN002851,CUST0374,1251.54,Jaipur,10,1927.99,0
TXN002852,CUST0460,3222.16,Jaipur,18,5669.56,0
TXN002853,CUST0143,96.18,Pune,20,22.45,0
TXN002854,CUST0378,20.76,Delhi,22,1.0,0
TXN002855,CUST0367,515.99,"Sydney, Australia",19,726.05,1
TXN002856,CUST0012,125.04,Kanpur,20,390.31,0
TXN002857,CUST0205,314.73,"Sydney, Australia",8,244.61,1
TXN002858,CUST0491,1040.76,"Toronto, Canada",18,1083.07,1
TXN002859,CUST0100,137.7,Surat,11,194.85,0
TXN002860,CUST0154,364.19,Hyderabad,8,621.44,0
TXN002861,CUST0311,383.77,Pune,22,403.76,0
TXN002862,CUST0424,880.6,Nagpur,19,1476.95,0
TXN002863,CUST0460,69.83,Chennai,15,1213.28,0
TXN002864,CUST0019,216.64,Indore,8,771.28,0
TXN002865,CUST0209,5.88,Lucknow,15,1.0,0
TXN002866,CUST0240,309.58,Nagpur,22,451.07,0
TXN002867,CUST0207,206.43,Hong Kong,8,1.0,1
TXN002868,CUST0191,191.38,"Dubai, UAE",16,490.0,1
TXN002869,CUST0244,142.25,Lucknow,21,95.46,0
TXN002870,CUST0392,1196.3,Pune,8,2785.05,0
TXN002871,CUST0398,355.22,Lucknow,14,661.32,0
TXN002872,CUST0086,191.55,Chennai,17,1.0,0
TXN002873,CUST0324,30.41,Bengaluru,18,1.0,0
TXN002874,CUST0318,283.45,Bengaluru,16,1479.37,0
TXN002875,CUST0110,193.37,Hyderabad,12,184.66,0
TXN002876,CUST0396,48.37,Indore,9,1151.69,0
TXN002877,CUST0457,177.95,Jaipur,14,1.0,0
TXN002878,CUST0217,177.39,Hyderabad,19,809.33,0
TXN002879,CUST0230,716.28,Surat,14,1766.16,0
TXN002880,CUST0170,145.14,Surat,16,208.1,0
TXN002881,CUST0059,204.08,Bhopal,10,426.17,0
TXN002882,CUST0297,46.83,Chennai,17,1.0,0
TXN002883,CUST0078,218.66,Jaipur,5,780.66,0
TXN002884,CUST0239,60.18,Bhopal,9,811.19,0
TXN002885,CUST0016,74.45,Indore,14,1.0,0
TXN002886,CUST0043,239.77,Chennai,21,1.0,0
TXN002887,CUST0165,45.71,Jaipur,18,1.0,0
TXN002888,CUST0465,30.6,Hyderabad,16,372.51,0
TXN002889,CUST0242,59.57,"Sydney, Australia",8,220.09,1
TXN002890,CUST0258,277.14,Lucknow,11,1342.82,0
TXN002891,CUST0196,179.79,Ahmedabad,13,1.0,0
TXN002892,CUST0234,101.75,Surat,20,1225.01,0
TXN002893,CUST0245,2647.99,"Dubai, UAE",10,1756.62,1
TXN002894,CUST0466,158.3,Kolkata,21,283.85,0
TXN002895,CUST0109,44.95,Ahmedabad,8,414.74,0
TXN002896,CUST0356,1783.09,Jaipur,12,1341.44,0
TXN002897,CUST0012,96.86,Ahmedabad,21,1.0,0
TXN002898,CUST0454,59.18,Delhi,21,1.0,0
TXN002899,CUST0073,148.43,Nagpur,12,781.49,0
TXN002900,CUST0273,350.1,Hong Kong,11,271.27,1
TXN002901,CUST0339,123.01,Lucknow,17,838.86,0
TXN002902,CUST0440,90.61,Pune,21,1.0,0
TXN002903,CUST0393,96.89,Delhi,17,661.11,0
TXN002904,CUST0263,268.54,Kolkata,15,585.22,0
TXN002905,CUST0165,55.94,Nagpur,22,238.97,0
TXN002906,CUST0042,411.73,Nagpur,12,1.0,0
TXN002907,CUST0264,48.92,Surat,8,482.19,0
TXN002908,CUST0146,45.35,Bengaluru,7,153.96,0
TXN002909,CUST0372,173.52,Kanpur,21,1136.55,0
TXN002910,CUST0181,697.85,Surat,14,1766.69,0
TXN002911,CUST0114,31.86,Bengaluru,9,194.5,0
TXN002912,CUST0474,99.68,Mumbai,9,1.0,0
TXN002913,CUST0091,165.49,Lucknow,9,1.0,0
TXN002914,CUST0312,135.33,"New York, USA",22,124.68,1
TXN002915,CUST0352,65.1,Surat,18,439.81,0
TXN002916,CUST0147,130.69,Ahmedabad,18,397.92,0
TXN002917,CUST0078,1036.67,Kolkata,9,514.18,0
TXN002918,CUST0149,219.76,Delhi,13,1.0,0
TXN002919,CUST0299,657.36,"Dubai, UAE",6,795.36,1
TXN002920,CUST0196,335.08,"Paris, France",12,704.14,1
TXN002921,CUST0342,164.17,Lucknow,9,1.0,0
TXN002922,CUST0307,328.21,"London, UK",18,346.2,1
TXN002923,CUST0032,243.54,Kanpur,10,698.15,0
TXN002924,CUST0424,293.98,Nagpur,14,940.86,0
TXN002925,CUST0118,439.68,Hyderabad,21,946.97,0
TXN002926,CUST0304,61.48,Mumbai,22,1.0,0
TXN002927,CUST0452,2679.73,Surat,22,4336.3,0
TXN002928,CUST0211,349.96,Indore,12,137.61,0
TXN002929,CUST0045,250.08,Chennai,13,632.5,0
TXN002930,CUST0271,1396.76,Kanpur,14,2623.27,0
TXN002931,CUST0088,66.87,Jaipur,15,185.78,0
TXN002932,CUST0500,28.6,Bengaluru,13,1.0,0
TXN002933,CUST0390,46.89,Kolkata,8,1186.28,0
TXN002934,CUST0199,62.56,Pune,6,1.0,0
TXN002935,CUST0023,297.76,"Frankfurt, Germany",17,1.0,1
TXN002936,CUST0128,142.48,Bhopal,15,320.58,0
TXN002937,CUST0443,2128.76,"Toronto, Canada",17,1490.22,1
TXN002938,CUST0071,146.45,Singapore,15,556.0,1
TXN002939,CUST0023,149.42,Delhi,13,847.99,0
TXN002940,CUST0150,739.9,Delhi,17,828.5,0
TXN002941,CUST0150,1208.03,Kolkata,7,2166.97,0
TXN002942,CUST0032,1124.67,Singapore,22,1271.59,1
TXN002943,CUST0079,64.38,Nagpur,16,59.68,0
TXN002944,CUST0278,128.43,Hyderabad,10,1.0,0
TXN002945,CUST0350,408.15,Kanpur,15,1.0,0
TXN002946,CUST0004,154.9,Kolkata,5,1.0,0
TXN002947,CUST0198,18.58,Delhi,21,1.0,0
TXN002948,CUST0124,57.25,Jaipur,6,634.29,0
TXN002949,CUST0095,290.38,Bengaluru,19,213.42,0
TXN002950,CUST0415,488.59,Mumbai,22,2002.62,0
TXN002951,CUST0107,156.1,Pune,14,1285.45,0
TXN002952,CUST0112,498.68,Lucknow,10,397.38,0
TXN002953,CUST0037,133.71,Mumbai,6,86.92,0
TXN002954,CUST0497,288.34,Bengaluru,0,614.28,0
TXN002955,CUST0047,340.87,Surat,12,1160.76,0
TXN002956,CUST0394,677.3,Kolkata,14,51.97,0
TXN002957,CUST0494,16.6,Surat,5,1.0,0
TXN002958,CUST0233,40.26,Lucknow,22,1.0,0
TXN002959,CUST0428,91.48,Kanpur,17,201.66,0
TXN002960,CUST0352,1017.8,"Paris, France",8,2445.2,1
TXN002961,CUST0470,1534.91,Hong Kong,22,2435.08,1
TXN002962,CUST0428,144.92,Chennai,20,616.28,0
TXN002963,CUST0396,199.73,Kolkata,9,482.75,0
TXN002964,CUST0189,59.47,"London, UK",12,417.1,1
TXN002965,CUST0462,1176.58,"New York, USA",15,2239.46,1
TXN002966,CUST0300,2815.01,Singapore,19,3478.78,1
TXN002967,CUST0309,161.05,Mumbai,18,1.0,0
TXN002968,CUST0318,156.4,Pune,18,158.78,0
TXN002969,CUST0488,188.42,Nagpur,9,975.15,0
TXN002970,CUST0161,642.82,"Toronto, Canada",18,278.87,1
TXN002971,CUST0294,147.01,Jaipur,13,303.3,0
TXN002972,CUST0111,130.34,Indore,19,45.45,0
TXN002973,CUST0327,622.72,Pune,14,2002.08,0
TXN002974,CUST0177,87.15,Mumbai,19,1026.58,0
TXN002975,CUST0094,180.09,Mumbai,16,1.0,0
TXN002976,CUST0048,361.11,Kolkata,4,1.0,0
TXN002977,CUST0238,57.4,Chennai,19,273.84,0
TXN002978,CUST0348,42.87,Chennai,10,1.0,0
TXN002979,CUST0294,606.2,"Sydney, Australia",17,668.12,1
TXN002980,CUST0153,139.55,"New York, USA",17,1.0,1
TXN002981,CUST0227,1041.68,Chennai,9,1282.97,0
TXN002982,CUST0003,332.24,Jaipur,18,1171.14,0
TXN002983,CUST0285,58.96,Nagpur,17,1.0,0
TXN002984,CUST0480,139.44,Jaipur,8,1.0,0
TXN002985,CUST0314,83.96,Bengaluru,11,737.75,0
TXN002986,CUST0232,225.04,Bengaluru,9,884.58,0
TXN002987,CUST0471,1336.46,Kolkata,22,1860.63,0
TXN002988,CUST0246,138.57,Lucknow,7,167.47,0
TXN002989,CUST0227,471.18,Kanpur,2,1620.82,0
TXN002990,CUST0252,1149.3,"New York, USA",13,1.0,1
TXN002991,CUST0021,594.18,Pune,19,1890.54,0
TXN002992,CUST0244,323.53,Surat,16,1372.37,0
TXN002993,CUST0259,75.4,Kanpur,22,1.0,0
TXN002994,CUST0312,118.96,Delhi,23,1.0,0
TXN002995,CUST0217,1138.79,"Toronto, Canada",20,1749.09,1
TXN002996,CUST0372,240.75,Mumbai,12,937.11,0
TXN002997,CUST0353,714.34,Jaipur,8,1488.56,0
TXN002998,CUST0086,13.22,Pune,20,1.0,0
TXN002999,CUST0076,39.82,Bhopal,14,490.46,0
TXN003000,CUST0429,1176.28,Nagpur,20,1944.48,0
TXN003001,CUST0291,220.73,Hyderabad,20,240.66,0
TXN003002,CUST0445,234.37,Ahmedabad,10,1.0,0
TXN003003,CUST0423,41.74,Lucknow,22,1066.19,0
TXN003004,CUST0320,2159.08,"Frankfurt, Germany",15,2332.27,1
TXN003005,CUST0463,142.26,Nagpur,11,573.78,0
TXN003006,CUST0151,281.64,Surat,21,555.49,0
TXN003007,CUST0169,221.53,Bengaluru,13,425.21,0
TXN003008,CUST0284,78.23,Delhi,21,1.0,0
TXN003009,CUST0289,192.16,Bhopal,17,720.24,0
TXN003010,CUST0296,253.09,Bengaluru,21,1041.81,0
TXN003011,CUST0438,364.48,Delhi,19,664.61,0
TXN003012,CUST0206,27.39,Hyderabad,13,3.89,0
TXN003013,CUST0298,298.27,Chennai,17,580.73,0
TXN003014,CUST0169,319.48,Bhopal,18,687.79,0
TXN003015,CUST0388,43.42,Hyderabad,12,445.79,0
TXN003016,CUST0435,29.04,Pune,15,328.69,0
TXN003017,CUST0459,386.52,"Dubai, UAE",9,1015.09,1
TXN003018,CUST0427,23.31,Lucknow,18,1.0,0
TXN003019,CUST0289,263.24,Mumbai,22,450.08,0
TXN003020,CUST0195,65.6,Surat,15,1.0,0
TXN003021,CUST0224,802.64,Bhopal,8,1.0,0
TXN003022,CUST0049,184.49,Jaipur,13,304.03,0
TXN003023,CUST0405,518.56,Indore,10,804.05,0
TXN003024,CUST0156,968.74,"Dubai, UAE",1,1140.11,1
TXN003025,CUST0054,90.71,Kolkata,14,249.15,0
TXN003026,CUST0086,797.71,"Paris, France",6,2752.24,1
TXN003027,CUST0472,121.06,Ahmedabad,20,735.32,0
TXN003028,CUST0019,184.59,Indore,16,1088.92,0
TXN003029,CUST0295,89.84,Lucknow,17,1.0,0
TXN003030,CUST0044,1536.74,Hyderabad,9,1721.7,0
TXN003031,CUST0121,3381.07,Hong Kong,11,7566.73,1
TXN003032,CUST0487,448.1,Pune,0,188.06,0
TXN003033,CUST0082,147.96,Kolkata,8,711.77,0
TXN003034,CUST0394,112.84,Ahmedabad,20,922.2,0
TXN003035,CUST0439,665.85,Kanpur,17,1234.38,0
TXN003036,CUST0492,93.27,Bengaluru,12,1.0,0
TXN003037,CUST0085,47.57,Hyderabad,13,323.76,0
TXN003038,CUST0158,215.75,Ahmedabad,15,298.18,0
TXN003039,CUST0014,160.26,Ahmedabad,15,639.99,0
TXN003040,CUST0365,52.24,Nagpur,12,163.58,0
TXN003041,CUST0147,176.13,Delhi,8,132.81,0
TXN003042,CUST0498,2210.95,Lucknow,11,840.14,0
TXN003043,CUST0407,266.01,Hyderabad,20,349.73,0
TXN003044,CUST0208,107.49,Pune,18,1.0,0
TXN003045,CUST0050,330.13,Pune,10,801.08,0
TXN003046,CUST0267,996.71,Indore,9,3191.4,0
TXN003047,CUST0354,338.03,"Tokyo, Japan",20,1308.65,1
TXN003048,CUST0272,365.53,Pune,12,593.89,0
TXN003049,CUST0365,74.84,Bhopal,17,1.0,0
TXN003050,CUST0296,181.21,Bhopal,22,900.17,0
TXN003051,CUST0398,76.93,Indore,18,1.0,0
TXN003052,CUST0187,262.15,Jaipur,5,614.13,0
TXN003053,CUST0168,458.22,Pune,23,1819.72,0
TXN003054,CUST0061,70.58,Ahmedabad,13,484.43,0
TXN003055,CUST0092,948.92,"Toronto, Canada",15,746.56,1
TXN003056,CUST0239,167.56,Chennai,7,1.0,0
TXN003057,CUST0175,348.82,Indore,13,310.15,0
TXN003058,CUST0171,1232.14,"Toronto, Canada",2,3160.38,1
TXN003059,CUST0201,45.1,Jaipur,10,61.61,0
TXN003060,CUST0077,1279.68,Kanpur,11,1135.3,0
TXN003061,CUST0500,197.43,Kanpur,5,249.08,0
TXN003062,CUST0252,413.18,"Dubai, UAE",13,450.55,1
TXN003063,CUST0058,78.29,Pune,18,274.95,0
TXN003064,CUST0161,135.91,Ahmedabad,14,1.0,0
TXN003065,CUST0133,224.7,Kolkata,14,201.35,0
TXN003066,CUST0282,837.75,"London, UK",16,1461.13,1
TXN003067,CUST0319,280.21,Pune,11,1556.57,0
TXN003068,CUST0480,40.05,Pune,13,1.0,0
TXN003069,CUST0481,183.84,Mumbai,10,663.99,0
TXN003070,CUST0180,148.71,Lucknow,20,522.57,0
TXN003071,CUST0412,1450.4,Hong Kong,21,2378.17,1
TXN003072,CUST0455,120.58,Chennai,18,832.05,0
TXN003073,CUST0318,192.6,Surat,10,144.52,0
TXN003074,CUST0436,36.51,Surat,14,589.02,0
TXN003075,CUST0230,60.1,Lucknow,23,557.05,0
TXN003076,CUST0401,265.45,Bengaluru,20,29.02,0
TXN003077,CUST0043,356.96,Bengaluru,11,1.0,0
TXN003078,CUST0465,151.24,Nagpur,19,227.61,0
TXN003079,CUST0476,121.19,Kanpur,19,267.51,0
TXN003080,CUST0047,235.95,Kolkata,13,646.96,0
TXN003081,CUST0236,482.45,"Sydney, Australia",18,1057.09,1
TXN003082,CUST0316,76.83,Surat,16,1.0,0
TXN003083,CUST0365,67.56,Hyderabad,13,1.0,0
TXN003084,CUST0023,82.21,Lucknow,9,818.1,0
TXN003085,CUST0269,125.72,Kolkata,9,1.0,0
TXN003086,CUST0036,171.8,Hyderabad,14,1.0,0
TXN003087,CUST0410,620.5,Ahmedabad,11,1968.01,0
TXN003088,CUST0096,282.74,Ahmedabad,8,71.28,0
TXN003089,CUST0202,318.14,Hyderabad,17,307.75,0
TXN003090,CUST0221,272.89,Hyderabad,8,1071.0,0
TXN003091,CUST0181,202.66,Chennai,10,1.0,0
TXN003092,CUST0091,140.73,Ahmedabad,19,1020.16,0
TXN003093,CUST0210,75.09,Kolkata,9,22.19,0
TXN003094,CUST0046,34.4,Chennai,21,1.0,0
TXN003095,CUST0475,67.3,Nagpur,15,969.32,0
TXN003096,CUST0054,658.04,Bengaluru,23,948.02,0
TXN003097,CUST0060,197.94,Kolkata,16,166.66,0
TXN003098,CUST0404,85.96,Pune,6,111.93,0
TXN003099,CUST0061,131.2,Kanpur,7,166.98,0
TXN003100,CUST0345,812.29,"Sydney, Australia",6,1295.16,1
TXN003101,CUST0188,152.75,Nagpur,23,106.33,0
TXN003102,CUST0272,139.78,Ahmedabad,8,135.02,0
TXN003103,CUST0160,191.16,Delhi,16,1.0,0
TXN003104,CUST0393,405.78,Bhopal,5,886.12,0
TXN003105,CUST0071,1146.95,Bengaluru,14,2090.34,0
TXN003106,CUST0156,368.12,Chennai,11,1.0,0
TXN003107,CUST0340,779.97,Ahmedabad,12,670.88,0
TXN003108,CUST0120,954.61,Lucknow,15,579.16,0
TXN003109,CUST0146,1012.81,"New York, USA",14,1441.46,1
TXN003110,CUST0095,374.99,Lucknow,9,1418.65,0
TXN003111,CUST0292,43.77,Chennai,22,459.72,0
TXN003112,CUST0108,4659.06,Hyderabad,7,4331.15,0
TXN003113,CUST0093,146.61,Bengaluru,11,1.0,0
TXN003114,CUST0092,305.72,"Paris, France",17,702.96,1
TXN003115,CUST0423,134.44,Mumbai,15,1.0,0
TXN003116,CUST0017,386.05,"Paris, France",7,1.0,1
TXN003117,CUST0003,546.8,"London, UK",21,130.27,1
TXN003118,CUST0417,261.31,Bengaluru,10,1.0,0
TXN003119,CUST0086,697.83,"Toronto, Canada",20,1224.2,1
TXN003120,CUST0308,345.76,Surat,13,592.1,0
TXN003121,CUST0480,65.03,Delhi,15,544.53,0
TXN003122,CUST0098,172.11,Delhi,14,1140.28,0
TXN003123,CUST0418,148.75,Mumbai,20,568.04,0
TXN003124,CUST0260,528.97,Mumbai,19,117.98,0
TXN003125,CUST0240,223.19,Hyderabad,6,308.5,0
TXN003126,CUST0088,2508.57,"Toronto, Canada",23,749.52,1
TXN003127,CUST0137,79.71,Chennai,8,1.0,0
TXN003128,CUST0449,146.52,Indore,10,63.07,0
TXN003129,CUST0367,82.66,Indore,13,1.0,0
TXN003130,CUST0072,154.83,Surat,19,334.38,0
TXN003131,CUST0049,345.57,Kolkata,12,306.23,0
TXN003132,CUST0240,607.67,Ahmedabad,9,57.0,0
TXN003133,CUST0009,183.12,Hyderabad,22,1203.32,0
TXN003134,CUST0080,199.18,Mumbai,11,4.59,0
TXN003135,CUST0107,154.18,Ahmedabad,12,1.0,0
TXN003136,CUST0375,267.28,Chennai,22,934.69,0
TXN003137,CUST0426,53.32,Lucknow,7,426.16,0
TXN003138,CUST0139,101.62,Lucknow,8,1.0,0
TXN003139,CUST0119,444.06,Surat,11,488.3,0
TXN003140,CUST0298,334.53,Ahmedabad,9,1290.74,0
TXN003141,CUST0057,194.92,Surat,10,666.25,0
TXN003142,CUST0240,164.02,Lucknow,10,1.0,0
TXN003143,CUST0347,107.31,Lucknow,8,108.55,0
TXN003144,CUST0333,105.14,Ahmedabad,6,1.0,0
TXN003145,CUST0052,712.49,Kanpur,4,727.12,0
TXN003146,CUST0393,71.23,Bhopal,9,1.0,0
TXN003147,CUST0024,251.74,Chennai,0,446.41,0
TXN003148,CUST0054,42.01,Chennai,16,1.0,0
TXN003149,CUST0055,135.14,Lucknow,11,1221.19,0
TXN003150,CUST0277,102.9,Kanpur,7,403.37,0
TXN003151,CUST0101,4218.95,"Tokyo, Japan",17,8970.46,1
TXN003152,CUST0173,189.73,Pune,10,624.71,0
TXN003153,CUST0151,40.79,Nagpur,19,1.0,0
TXN003154,CUST0319,252.45,Kanpur,19,406.11,0
TXN003155,CUST0386,611.06,Chennai,7,1569.53,0
TXN003156,CUST0320,34.52,Bengaluru,12,1.0,0
TXN003157,CUST0064,228.67,Ahmedabad,16,653.17,0
TXN003158,CUST0190,287.86,Singapore,21,149.63,1
TXN003159,CUST0297,103.55,Indore,16,484.53,0
TXN003160,CUST0217,116.81,"New York, USA",10,1355.89,1
TXN003161,CUST0269,773.7,Ahmedabad,17,2197.18,0
TXN003162,CUST0152,58.47,Nagpur,12,338.97,0
TXN003163,CUST0168,348.56,Indore,9,61.93,0
TXN003164,CUST0297,276.94,Bengaluru,9,1.0,0
TXN003165,CUST0307,90.97,Delhi,9,169.22,0
TXN003166,CUST0332,607.01,Chennai,5,2054.81,0
TXN003167,CUST0341,106.39,Bhopal,10,1.0,0
TXN003168,CUST0466,1027.81,Kanpur,7,1635.12,0
TXN003169,CUST0408,584.04,Kolkata,8,383.73,0
TXN003170,CUST0006,254.24,Pune,10,1.0,0
TXN003171,CUST0126,1002.71,Hong Kong,5,1149.92,1
TXN003172,CUST0368,710.12,Singapore,19,823.97,1
TXN003173,CUST0484,156.48,Jaipur,8,1.0,0
TXN003174,CUST0472,149.82,Surat,21,962.15,0
TXN003175,CUST0039,3207.65,"New York, USA",9,2877.1,1
TXN003176,CUST0045,392.53,"Dubai, UAE",16,683.04,1
TXN003177,CUST0425,184.87,Delhi,5,1.0,0
TXN003178,CUST0306,42.14,Hyderabad,10,778.76,0
TXN003179,CUST0357,457.42,Ahmedabad,19,1484.52,0
TXN003180,CUST0479,649.92,Hyderabad,16,482.17,0
TXN003181,CUST0454,188.53,Surat,15,789.78,0
TXN003182,CUST0313,124.21,Lucknow,15,1.0,0
TXN003183,CUST0347,28.21,Chennai,9,1.0,0
TXN003184,CUST0323,5336.08,"Toronto, Canada",9,7494.66,1
TXN003185,CUST0281,51.66,Mumbai,12,1.0,0
TXN003186,CUST0270,763.69,Kolkata,10,1509.11,0
TXN003187,CUST0321,41.33,Lucknow,11,1.0,0
TXN003188,CUST0255,113.97,Indore,17,189.86,0
TXN003189,CUST0372,751.36,"Tokyo, Japan",9,567.7,1
TXN003190,CUST0035,20.97,Kolkata,16,841.36,0
TXN003191,CUST0047,113.77,Surat,6,1.0,0
TXN003192,CUST0174,714.98,"Tokyo, Japan",20,1528.36,1
TXN003193,CUST0289,270.51,Bhopal,18,1.0,0
TXN003194,CUST0310,816.8,Chennai,14,1411.64,0
TXN003195,CUST0224,301.7,Ahmedabad,15,608.41,0
TXN003196,CUST0280,529.26,"Sydney, Australia",10,770.05,1
TXN003197,CUST0010,142.23,Nagpur,12,709.86,0
TXN003198,CUST0290,197.66,Nagpur,8,1.0,0
TXN003199,CUST0211,134.83,Bhopal,14,1.0,0
TXN003200,CUST0316,196.62,"Sydney, Australia",18,875.87,1
TXN003201,CUST0440,94.29,Kanpur,20,424.34,0
TXN003202,CUST0460,70.59,Lucknow,20,235.05,0
TXN003203,CUST0009,47.69,Indore,15,313.2,0
TXN003204,CUST0198,117.79,Nagpur,9,140.91,0
TXN003205,CUST0001,153.31,Pune,18,521.39,0
TXN003206,CUST0151,1116.58,Pune,8,603.94,0
TXN003207,CUST0121,101.65,Jaipur,9,46.39,0
TXN003208,CUST0340,129.13,Jaipur,21,534.44,0
TXN003209,CUST0249,190.29,Mumbai,7,1.0,0
TXN003210,CUST0472,508.94,Nagpur,17,676.92,0
TXN003211,CUST0212,162.21,Jaipur,18,82.26,0
TXN003212,CUST0316,3955.66,Hong Kong,11,8351.89,1
TXN003213,CUST0335,492.15,Surat,15,943.65,0
TXN003214,CUST0137,57.18,Hyderabad,9,1.0,0
TXN003215,CUST0238,208.0,Lucknow,14,1127.9,0
TXN003216,CUST0313,1300.48,"London, UK",12,1095.55,1
TXN003217,CUST0094,195.69,Nagpur,21,135.5,0
TXN003218,CUST0019,64.21,Chennai,6,635.2,0
TXN003219,CUST0379,55.24,Lucknow,19,1.0,0
TXN003220,CUST0049,830.4,Delhi,11,164.65,0
TXN003221,CUST0278,689.17,Indore,20,1458.31,0
TXN003222,CUST0225,617.78,"Tokyo, Japan",16,975.87,1
TXN003223,CUST0145,84.02,Nagpur,18,327.21,0
TXN003224,CUST0247,202.39,Chennai,12,238.73,0
TXN003225,CUST0203,57.68,Bhopal,8,1.0,0
TXN003226,CUST0395,159.5,Jaipur,13,132.86,0
TXN003227,CUST0387,77.27,Singapore,13,1.0,1
TXN003228,CUST0419,580.77,"Sydney, Australia",9,1255.58,1
TXN003229,CUST0349,139.47,Nagpur,13,385.36,0
TXN003230,CUST0076,191.32,Pune,0,805.09,0
TXN003231,CUST0184,267.06,Chennai,13,570.68,0
TXN003232,CUST0380,217.31,Bhopal,10,1.0,0
TXN003233,CUST0335,545.25,Kolkata,0,986.24,0
TXN003234,CUST0292,280.03,Hyderabad,19,642.62,0
TXN003235,CUST0129,132.6,Jaipur,10,375.49,0
TXN003236,CUST0089,577.95,Bhopal,14,40.55,0
TXN003237,CUST0156,44.95,Ahmedabad,17,1.0,0
TXN003238,CUST0107,87.86,Jaipur,7,1047.91,0
TXN003239,CUST0446,168.27,Delhi,4,167.59,0
TXN003240,CUST0477,141.87,Mumbai,18,402.32,0
TXN003241,CUST0234,175.52,Nagpur,9,1.0,0
TXN003242,CUST0006,113.29,Hyderabad,7,1.0,0
TXN003243,CUST0392,254.85,Surat,14,1.0,0
TXN003244,CUST0178,366.47,Indore,15,1.0,0
TXN003245,CUST0419,76.67,Delhi,17,1.0,0
TXN003246,CUST0003,884.83,Bhopal,15,531.28,0
TXN003247,CUST0272,67.58,Jaipur,17,216.11,0
TXN003248,CUST0432,53.36,Indore,11,1.0,0
TXN003249,CUST0333,54.22,Nagpur,7,133.56,0
TXN003250,CUST0395,222.48,Ahmedabad,19,319.31,0
TXN003251,CUST0207,466.35,Chennai,12,1994.43,0
TXN003252,CUST0041,447.0,Bhopal,9,1.0,0
TXN003253,CUST0218,1535.75,Jaipur,11,1933.6,0
TXN003254,CUST0236,28.12,Lucknow,10,1.0,0
TXN003255,CUST0307,107.27,Nagpur,18,1249.96,0
TXN003256,CUST0081,34.41,Surat,20,113.91,0
TXN003257,CUST0076,184.44,Pune,6,1.0,0
TXN003258,CUST0408,317.86,Kolkata,12,591.65,0
TXN003259,CUST0469,460.92,"Toronto, Canada",16,747.57,1
TXN003260,CUST0334,148.85,Kolkata,17,209.97,0
TXN003261,CUST0349,52.69,Kanpur,14,631.46,0
TXN003262,CUST0272,363.89,Bengaluru,11,346.84,0
TXN003263,CUST0391,108.76,Hyderabad,6,128.83,0
TXN003264,CUST0413,7785.85,"New York, USA",3,15374.65,1
TXN003265,CUST0174,261.36,"Paris, France",13,1328.34,1
TXN003266,CUST0348,295.14,Bhopal,11,1.0,0
TXN003267,CUST0418,589.95,"Frankfurt, Germany",9,1138.33,1
TXN003268,CUST0008,151.77,Indore,12,1.0,0
TXN003269,CUST0353,204.97,Jaipur,16,1.0,0
TXN003270,CUST0387,250.33,Delhi,19,1048.4,0
TXN003271,CUST0366,597.47,Kanpur,13,986.75,0
TXN003272,CUST0437,69.86,Indore,6,1.0,0
TXN003273,CUST0344,123.47,Nagpur,17,1.0,0
TXN003274,CUST0136,226.59,Chennai,22,265.94,0
TXN003275,CUST0368,13.71,Indore,8,1.0,0
TXN003276,CUST0181,893.74,Ahmedabad,18,1.0,0
TXN003277,CUST0156,91.95,Bengaluru,15,1.0,0
TXN003278,CUST0253,76.41,Bengaluru,16,1.0,0
TXN003279,CUST0360,1226.0,Singapore,20,1636.03,1
TXN003280,CUST0078,471.22,Nagpur,8,1145.03,0
TXN003281,CUST0500,207.14,Ahmedabad,15,470.56,0
TXN003282,CUST0020,238.04,Bengaluru,10,151.33,0
TXN003283,CUST0307,575.96,Mumbai,13,1975.03,0
TXN003284,CUST0228,180.52,Surat,12,844.36,0
TXN003285,CUST0427,44.49,Kolkata,7,1.0,0
TXN003286,CUST0375,249.27,Chennai,15,1157.06,0
TXN003287,CUST0173,104.05,Kanpur,12,1.0,0
TXN003288,CUST0028,91.53,Bengaluru,10,92.63,0
TXN003289,CUST0152,121.47,"Sydney, Australia",11,177.7,1
TXN003290,CUST0045,18.86,Mumbai,16,382.96,0
TXN003291,CUST0338,110.71,Kanpur,17,650.77,0
TXN003292,CUST0082,925.57,"Dubai, UAE",19,2712.26,1
TXN003293,CUST0228,660.92,Jaipur,8,221.3,0
TXN003294,CUST0330,342.72,Chennai,8,1123.33,0
TXN003295,CUST0442,44.72,Ahmedabad,14,214.95,0
TXN003296,CUST0410,1967.67,"Sydney, Australia",14,1815.97,1
TXN003297,CUST0431,1244.1,Nagpur,0,3140.81,0
TXN003298,CUST0162,164.65,Bengaluru,9,1.0,0
TXN003299,CUST0363,167.71,Hyderabad,18,1.0,0
TXN003300,CUST0160,89.27,Surat,15,322.61,0
TXN003301,CUST0210,150.26,Delhi,10,221.52,0
TXN003302,CUST0193,147.14,Pune,8,1.0,0
TXN003303,CUST0074,118.64,Jaipur,19,1.0,0
TXN003304,CUST0150,253.58,Hyderabad,18,316.85,0
TXN003305,CUST0147,5528.19,Delhi,16,6849.97,0
TXN003306,CUST0003,243.82,Kolkata,9,214.4,0
TXN003307,CUST0409,53.28,Pune,13,140.93,0
TXN003308,CUST0108,41.94,Ahmedabad,12,482.39,0
TXN003309,CUST0458,1756.31,"Paris, France",13,201.36,1
TXN003310,CUST0450,53.1,Nagpur,14,1.0,0
TXN003311,CUST0221,511.11,Hyderabad,6,295.06,0
TXN003312,CUST0261,758.13,Bhopal,9,1765.55,0
TXN003313,CUST0094,482.24,Chennai,8,457.09,0
TXN003314,CUST0225,117.28,Indore,12,1.0,0
TXN003315,CUST0300,82.42,Lucknow,11,361.52,0
TXN003316,CUST0380,83.37,Kanpur,0,1242.24,0
TXN003317,CUST0205,2228.5,"Sydney, Australia",17,2860.34,1
TXN003318,CUST0333,120.41,Ahmedabad,17,173.68,0
TXN003319,CUST0318,33.26,Bengaluru,14,1.0,0
TXN003320,CUST0118,103.93,"Tokyo, Japan",23,122.75,1
TXN003321,CUST0114,100.96,Bhopal,22,681.95,0
TXN003322,CUST0169,411.16,Hyderabad,18,1.0,0
TXN003323,CUST0242,187.37,"Tokyo, Japan",18,1.0,1
TXN003324,CUST0363,398.83,Kolkata,21,884.89,0
TXN003325,CUST0443,274.95,Bengaluru,17,200.57,0
TXN003326,CUST0397,1197.95,"Sydney, Australia",15,776.99,1
TXN003327,CUST0375,219.78,Kanpur,1,1145.56,0
TXN003328,CUST0308,119.99,Kolkata,17,212.35,0
TXN003329,CUST0232,606.12,"Frankfurt, Germany",15,1147.2,1
TXN003330,CUST0274,1591.9,Mumbai,10,2704.42,0
TXN003331,CUST0325,660.79,Singapore,17,897.96,1
TXN003332,CUST0465,286.31,Delhi,18,1.0,0
TXN003333,CUST0484,124.36,Pune,17,8.08,0
TXN003334,CUST0127,2269.66,"Toronto, Canada",6,2330.47,1
TXN003335,CUST0024,51.78,Hyderabad,17,517.7,0
TXN003336,CUST0485,17.47,Indore,12,454.61,0
TXN003337,CUST0013,914.71,Nagpur,8,1649.52,0
TXN003338,CUST0219,196.03,Chennai,13,123.34,0
TXN003339,CUST0335,374.32,Hyderabad,10,1151.13,0
TXN003340,CUST0310,2065.59,"London, UK",13,1754.97,1
TXN003341,CUST0116,217.78,Chennai,18,1.0,0
TXN003342,CUST0473,524.43,Delhi,20,1176.99,0
TXN003343,CUST0258,90.5,Ahmedabad,7,1.0,0
TXN003344,CUST0494,75.36,Chennai,10,580.88,0
TXN003345,CUST0383,46.7,Chennai,19,1.0,0
TXN003346,CUST0001,22.03,Indore,20,92.82,0
TXN003347,CUST0227,27.02,Kanpur,19,1.0,0
TXN003348,CUST0034,871.58,"Toronto, Canada",21,725.55,1
TXN003349,CUST0254,78.06,Ahmedabad,7,1.0,0
TXN003350,CUST0386,56.3,Pune,12,447.87,0
TXN003351,CUST0217,100.2,Nagpur,18,89.12,0
TXN003352,CUST0430,187.61,"Sydney, Australia",8,255.12,1
TXN003353,CUST0107,102.45,Chennai,18,140.26,0
TXN003354,CUST0421,343.01,"London, UK",21,350.1,1
TXN003355,CUST0231,761.16,Jaipur,13,1077.04,0
TXN003356,CUST0206,148.85,Hyderabad,16,1.0,0
TXN003357,CUST0138,361.48,Singapore,22,1670.09,1
TXN003358,CUST0407,175.14,"Dubai, UAE",19,79.13,1
TXN003359,CUST0394,242.08,Ahmedabad,21,208.73,0
TXN003360,CUST0059,500.38,Mumbai,11,1219.4,0
TXN003361,CUST0271,1961.19,Delhi,7,3292.16,0
TXN003362,CUST0259,380.3,"Tokyo, Japan",10,1164.01,1
TXN003363,CUST0241,1328.27,Indore,19,1575.22,0
TXN003364,CUST0321,346.38,Bhopal,9,1.0,0
TXN003365,CUST0343,138.09,Kanpur,15,1.0,0
TXN003366,CUST0167,83.74,Surat,21,597.3,0
TXN003367,CUST0265,966.92,"Frankfurt, Germany",15,909.91,1
TXN003368,CUST0165,51.94,Surat,19,752.49,0
TXN003369,CUST0472,28.5,Nagpur,18,267.95,0
TXN003370,CUST0152,96.15,Delhi,17,639.85,0
TXN003371,CUST0196,456.36,Jaipur,10,903.86,0
TXN003372,CUST0314,109.55,Bhopal,9,1.0,0
TXN003373,CUST0052,122.24,Pune,16,1.0,0
TXN003374,CUST0043,707.91,Bhopal,9,462.05,0
TXN003375,CUST0031,204.77,Delhi,13,981.61,0
TXN003376,CUST0480,158.29,Bengaluru,7,1194.98,0
TXN003377,CUST0260,86.29,Nagpur,9,482.37,0
TXN003378,CUST0350,529.75,Ahmedabad,4,1464.57,0
TXN003379,CUST0459,948.27,"Tokyo, Japan",14,1150.9,1
TXN003380,CUST0080,169.12,Ahmedabad,16,528.71,0
TXN003381,CUST0141,305.61,Kolkata,13,1.0,0
TXN003382,CUST0082,135.1,Nagpur,6,852.78,0
TXN003383,CUST0192,238.07,Chennai,8,1.0,0
TXN003384,CUST0276,910.78,Jaipur,9,252.4,0
TXN003385,CUST0490,473.9,Hyderabad,7,1524.01,0
TXN003386,CUST0455,586.46,Singapore,14,209.54,1
TXN003387,CUST0462,150.93,Kolkata,16,406.67,0
TXN003388,CUST0340,260.05,Kanpur,23,694.6,0
TXN003389,CUST0253,175.8,Bhopal,18,1045.43,0
TXN003390,CUST0186,131.84,Surat,23,1.0,0
TXN003391,CUST0203,74.18,Kanpur,16,1.0,0
TXN003392,CUST0315,996.7,Lucknow,1,1638.18,0
TXN003393,CUST0192,182.18,Mumbai,18,1.0,0
TXN003394,CUST0066,143.52,Pune,10,1.0,0
TXN003395,CUST0347,68.68,Kolkata,14,1.0,0
TXN003396,CUST0153,205.56,"Tokyo, Japan",19,592.94,1
TXN003397,CUST0300,93.21,Hyderabad,7,47.31,0
TXN003398,CUST0071,392.5,Jaipur,8,508.72,0
TXN003399,CUST0041,1090.12,Lucknow,7,3486.59,0
TXN003400,CUST0370,194.63,Pune,22,1030.09,0
TXN003401,CUST0481,176.53,Indore,20,1.0,0
TXN003402,CUST0429,49.38,Nagpur,14,1.0,0
TXN003403,CUST0121,53.51,Indore,21,1.0,0
TXN003404,CUST0104,68.11,Kanpur,7,1.0,0
TXN003405,CUST0455,5532.33,"Frankfurt, Germany",11,9329.93,1
TXN003406,CUST0476,423.2,Bengaluru,18,234.26,0
TXN003407,CUST0343,117.03,Ahmedabad,16,970.3,0
TXN003408,CUST0255,1359.07,Singapore,16,1548.18,1
TXN003409,CUST0004,404.03,Jaipur,22,901.14,0
TXN003410,CUST0318,84.67,Nagpur,12,1.0,0
TXN003411,CUST0422,751.47,Bhopal,18,1113.04,0
TXN003412,CUST0256,264.14,Kanpur,17,157.09,0
TXN003413,CUST0091,135.74,Hyderabad,12,1.0,0
TXN003414,CUST0273,157.56,Hyderabad,12,217.55,0
TXN003415,CUST0448,486.15,Kolkata,21,1060.09,0
TXN003416,CUST0421,547.4,Bengaluru,15,669.49,0
TXN003417,CUST0027,45.69,Jaipur,9,1.0,0
TXN003418,CUST0086,50.12,Jaipur,10,1110.62,0
TXN003419,CUST0098,144.15,Mumbai,19,284.56,0
TXN003420,CUST0367,1002.02,Kanpur,14,1.0,0
TXN003421,CUST0455,38.21,Chennai,13,1.0,0
TXN003422,CUST0310,156.81,Delhi,15,135.76,0
TXN003423,CUST0066,346.59,Bengaluru,18,708.21,0
TXN003424,CUST0245,1142.38,Mumbai,12,1.0,0
TXN003425,CUST0361,242.43,Nagpur,8,1.0,0
TXN003426,CUST0024,726.7,Ahmedabad,10,1675.78,0
TXN003427,CUST0025,393.86,"Toronto, Canada",10,312.13,1
TXN003428,CUST0405,353.57,Chennai,22,849.1,0
TXN003429,CUST0407,53.94,Surat,9,287.81,0
TXN003430,CUST0455,15.05,Bhopal,6,1.0,0
TXN003431,CUST0302,38.73,Surat,15,137.84,0
TXN003432,CUST0413,235.56,Nagpur,9,521.45,0
TXN003433,CUST0176,250.88,Nagpur,19,117.15,0
TXN003434,CUST0005,59.84,Jaipur,13,284.25,0
TXN003435,CUST0457,2547.31,Bengaluru,0,1869.13,0
TXN003436,CUST0247,157.04,Nagpur,11,1.0,0
TXN003437,CUST0353,112.24,Delhi,15,677.63,0
TXN003438,CUST0428,1329.88,Singapore,11,1837.02,1
TXN003439,CUST0094,601.1,"Frankfurt, Germany",9,795.12,1
TXN003440,CUST0327,444.26,"New York, USA",11,1057.01,1
TXN003441,CUST0187,347.67,Lucknow,12,1248.92,0
TXN003442,CUST0044,139.85,Kanpur,14,1.0,0
TXN003443,CUST0292,36.83,Hong Kong,14,29.45,1
TXN003444,CUST0194,23.86,Chennai,7,36.26,0
TXN003445,CUST0194,59.66,Jaipur,16,711.33,0
TXN003446,CUST0114,53.5,Delhi,17,1.0,0
TXN003447,CUST0401,201.39,Jaipur,17,1.0,0
TXN003448,CUST0322,46.46,Surat,19,1.0,0
TXN003449,CUST0293,50.43,Mumbai,7,1.0,0
TXN003450,CUST0204,65.65,Bhopal,11,1.0,0
TXN003451,CUST0199,148.06,Nagpur,11,526.93,0
TXN003452,CUST0196,137.38,Bengaluru,13,1.0,0
TXN003453,CUST0229,34.39,Mumbai,7,346.24,0
TXN003454,CUST0344,544.11,Mumbai,15,90.68,0
TXN003455,CUST0204,203.21,Jaipur,18,1039.87,0
TXN003456,CUST0248,137.46,Chennai,19,385.98,0
TXN003457,CUST0273,111.82,Lucknow,9,1078.68,0
TXN003458,CUST0019,205.74,Bengaluru,8,1.0,0
TXN003459,CUST0033,21.31,Bengaluru,8,342.86,0
TXN003460,CUST0037,178.14,Kanpur,13,257.15,0
TXN003461,CUST0107,377.74,Bengaluru,9,1240.7,0
TXN003462,CUST0343,2537.25,Ahmedabad,7,4505.42,0
TXN003463,CUST0398,207.85,Surat,9,595.87,0
TXN003464,CUST0165,461.96,"Dubai, UAE",11,1440.98,1
TXN003465,CUST0080,19.35,Mumbai,15,1.0,0
TXN003466,CUST0039,192.14,Nagpur,18,588.54,0
TXN003467,CUST0045,457.63,Kanpur,10,995.38,0
TXN003468,CUST0046,277.81,Kolkata,13,1.0,0
TXN003469,CUST0043,187.27,Hyderabad,13,44.16,0
TXN003470,CUST0296,57.38,Mumbai,8,803.86,0
TXN003471,CUST0075,272.05,Chennai,17,931.27,0
TXN003472,CUST0487,1166.67,Ahmedabad,2,260.79,0
TXN003473,CUST0080,301.23,Pune,21,1.0,0
TXN003474,CUST0119,1026.71,Bhopal,17,1143.57,0
TXN003475,CUST0048,366.04,Kolkata,10,62.26,0
TXN003476,CUST0360,82.79,Surat,7,571.01,0
TXN003477,CUST0184,387.58,"New York, USA",9,425.05,1
TXN003478,CUST0092,175.8,"Frankfurt, Germany",18,768.6,1
TXN003479,CUST0211,81.41,Nagpur,21,1.0,0
TXN003480,CUST0014,40.63,Delhi,12,1.0,0
TXN003481,CUST0179,38.24,Bhopal,21,670.88,0
TXN003482,CUST0320,54.12,Nagpur,11,1.0,0
TXN003483,CUST0084,71.15,Delhi,18,1.0,0
TXN003484,CUST0310,97.85,Delhi,13,915.0,0
TXN003485,CUST0398,105.46,Nagpur,18,843.17,0
TXN003486,CUST0074,277.79,Lucknow,14,1.0,0
TXN003487,CUST0250,4559.85,"Frankfurt, Germany",19,1739.68,1
TXN003488,CUST0044,191.35,Bengaluru,13,1350.09,0
TXN003489,CUST0114,185.47,Bhopal,16,142.62,0
TXN003490,CUST0366,72.56,Kolkata,15,1.0,0
TXN003491,CUST0065,17.17,Lucknow,17,208.35,0
TXN003492,CUST0366,1215.98,"Dubai, UAE",7,1329.77,1
TXN003493,CUST0139,771.1,Nagpur,7,1659.92,0
TXN003494,CUST0040,35.98,Nagpur,17,1.0,0
TXN003495,CUST0142,81.32,Lucknow,19,425.09,0
TXN003496,CUST0009,294.49,Indore,15,365.32,0
TXN003497,CUST0419,126.07,Nagpur,21,1006.46,0
TXN003498,CUST0177,63.29,Ahmedabad,17,1.0,0
TXN003499,CUST0321,314.31,Nagpur,16,397.49,0
TXN003500,CUST0202,108.94,Kanpur,14,655.05,0
TXN003501,CUST0108,376.92,Hyderabad,11,1.0,0
TXN003502,CUST0224,776.47,Hong Kong,18,1556.03,1
TXN003503,CUST0404,79.35,Jaipur,16,224.37,0
TXN003504,CUST0282,494.16,Kolkata,9,588.47,0
TXN003505,CUST0387,256.75,Nagpur,11,600.91,0
TXN003506,CUST0218,355.53,Mumbai,19,183.54,0
TXN003507,CUST0023,1230.42,Delhi,21,3161.83,0
TXN003508,CUST0330,184.57,Pune,8,1.0,0
TXN003509,CUST0328,191.1,Bengaluru,11,1.0,0
TXN003510,CUST0491,619.8,"New York, USA",17,325.88,1
TXN003511,CUST0064,42.85,Bhopal,19,1.0,0
TXN003512,CUST0119,537.23,"London, UK",13,941.8,1
TXN003513,CUST0442,290.02,Mumbai,8,248.51,0
TXN003514,CUST0277,750.74,Jaipur,15,1601.25,0
TXN003515,CUST0234,283.4,Jaipur,23,850.69,0
TXN003516,CUST0030,398.61,Chennai,14,122.38,0
TXN003517,CUST0477,293.77,Jaipur,21,1.0,0
TXN003518,CUST0076,181.54,Kolkata,11,1.0,0
TXN003519,CUST0060,418.8,Jaipur,18,1008.65,0
TXN003520,CUST0487,387.74,Ahmedabad,14,20.76,0
TXN003521,CUST0045,357.5,Nagpur,17,970.29,0
TXN003522,CUST0148,247.57,Pune,16,648.02,0
TXN003523,CUST0324,64.09,Lucknow,11,235.74,0
TXN003524,CUST0285,304.64,Ahmedabad,15,402.66,0
TXN003525,CUST0372,9577.56,"Frankfurt, Germany",13,22163.75,1
TXN003526,CUST0250,2763.67,Hyderabad,17,3090.2,0
TXN003527,CUST0336,999.04,Singapore,16,1727.85,1
TXN003528,CUST0136,509.28,Pune,22,1.0,0
TXN003529,CUST0094,20.17,Nagpur,9,69.28,0
TXN003530,CUST0319,180.49,Chennai,17,89.09,0
TXN003531,CUST0154,226.42,Ahmedabad,8,168.61,0
TXN003532,CUST0354,1719.81,Nagpur,0,3265.83,0
TXN003533,CUST0102,364.48,Nagpur,22,266.41,0
TXN003534,CUST0428,340.05,Singapore,15,561.94,1
TXN003535,CUST0049,332.79,Bhopal,18,412.0,0
TXN003536,CUST0124,222.71,Ahmedabad,6,1.0,0
TXN003537,CUST0075,2200.62,"Tokyo, Japan",2,960.29,1
TXN003538,CUST0122,378.77,Hyderabad,22,505.0,0
TXN003539,CUST0244,241.35,Indore,11,794.89,0
TXN003540,CUST0227,26.27,Kolkata,14,608.84,0
TXN003541,CUST0302,189.52,Bengaluru,19,1.0,0
TXN003542,CUST0457,526.41,Kolkata,18,1226.61,0
TXN003543,CUST0290,166.53,Chennai,7,728.58,0
TXN003544,CUST0274,44.23,Jaipur,9,1.0,0
TXN003545,CUST0169,1192.04,Delhi,13,2106.83,0
TXN003546,CUST0488,204.1,Jaipur,10,901.78,0
TXN003547,CUST0446,4018.3,Jaipur,0,4447.02,0
TXN003548,CUST0205,62.72,Bhopal,17,675.85,0
TXN003549,CUST0108,84.4,Surat,12,568.77,0
TXN003550,CUST0044,19.67,Singapore,17,1.0,1
TXN003551,CUST0084,349.06,Pune,14,972.72,0
TXN003552,CUST0444,282.86,"Toronto, Canada",15,1.0,1
TXN003553,CUST0126,53.87,Bhopal,18,1.0,0
TXN003554,CUST0103,175.61,Ahmedabad,16,391.45,0
TXN003555,CUST0271,131.68,Mumbai,8,1.0,0
TXN003556,CUST0342,118.21,Bhopal,17,67.82,0
TXN003557,CUST0496,391.26,Jaipur,15,226.35,0
TXN003558,CUST0431,431.99,Delhi,19,1.0,0
TXN003559,CUST0244,1432.65,Bengaluru,15,2228.38,0
TXN003560,CUST0420,182.01,Delhi,10,1.0,0
TXN003561,CUST0217,319.31,Surat,9,316.71,0
TXN003562,CUST0483,343.17,Surat,13,67.24,0
TXN003563,CUST0065,44.91,Lucknow,17,1.0,0
TXN003564,CUST0125,1301.87,Chennai,13,2769.82,0
TXN003565,CUST0215,434.8,Kolkata,8,1.0,0
TXN003566,CUST0284,434.67,Nagpur,19,467.3,0
TXN003567,CUST0417,17.2,Bengaluru,21,377.75,0
TXN003568,CUST0385,391.68,Mumbai,16,1135.92,0
TXN003569,CUST0111,83.62,Nagpur,17,1.0,0
TXN003570,CUST0494,415.76,Kolkata,11,1727.49,0
TXN003571,CUST0457,215.2,Hyderabad,19,385.1,0
TXN003572,CUST0221,107.95,Chennai,16,726.7,0
TXN003573,CUST0074,47.8,Delhi,11,1075.41,0
TXN003574,CUST0234,210.63,Pune,17,464.44,0
TXN003575,CUST0039,369.03,Bhopal,7,501.88,0
TXN003576,CUST0243,1014.38,Bengaluru,14,1777.19,0
TXN003577,CUST0420,258.74,Jaipur,13,1.0,0
TXN003578,CUST0378,127.65,Bengaluru,22,1.0,0
TXN003579,CUST0433,717.31,Ahmedabad,17,947.65,0
TXN003580,CUST0326,406.51,Chennai,13,517.35,0
TXN003581,CUST0293,140.25,Nagpur,16,401.88,0
TXN003582,CUST0299,61.74,Bengaluru,10,1.0,0
TXN003583,CUST0140,58.0,Chennai,8,1.0,0
TXN003584,CUST0158,430.86,Mumbai,20,869.61,0
TXN003585,CUST0461,992.46,Lucknow,12,2964.55,0
TXN003586,CUST0096,587.89,Hong Kong,10,770.9,1
TXN003587,CUST0415,186.56,Chennai,14,226.32,0
TXN003588,CUST0199,289.24,Delhi,17,812.45,0
TXN003589,CUST0312,168.1,Jaipur,16,887.04,0
TXN003590,CUST0441,256.25,Pune,19,1.0,0
TXN003591,CUST0313,177.08,Ahmedabad,1,1.0,0
TXN003592,CUST0044,437.24,Kolkata,0,1466.19,0
TXN003593,CUST0330,232.01,Chennai,8,363.49,0
TXN003594,CUST0284,91.28,Chennai,14,1.0,0
TXN003595,CUST0222,482.01,Mumbai,18,581.98,0
TXN003596,CUST0210,26.46,Kolkata,10,235.66,0
TXN003597,CUST0053,125.2,"New York, USA",6,1.0,1
TXN003598,CUST0223,200.32,Nagpur,17,1.0,0
TXN003599,CUST0303,234.93,Kolkata,1,1351.29,0
TXN003600,CUST0292,898.35,Mumbai,13,861.18,0
TXN003601,CUST0431,1568.97,Singapore,11,1634.8,1
TXN003602,CUST0304,45.75,Kolkata,1,223.77,0
TXN003603,CUST0467,370.97,Bengaluru,18,1378.47,0
TXN003604,CUST0467,358.94,Ahmedabad,11,133.47,0
TXN003605,CUST0275,38.37,Jaipur,21,151.49,0
TXN003606,CUST0211,106.93,Jaipur,18,162.8,0
TXN003607,CUST0125,578.74,Bengaluru,18,962.26,0
TXN003608,CUST0046,146.15,Mumbai,21,1.0,0
TXN003609,CUST0477,1732.78,Chennai,10,1987.97,0
TXN003610,CUST0083,44.96,Kolkata,9,1.0,0
TXN003611,CUST0340,2112.97,"London, UK",11,3217.32,1
TXN003612,CUST0469,983.76,Bhopal,11,1877.73,0
TXN003613,CUST0351,110.08,Delhi,16,639.17,0
TXN003614,CUST0005,120.87,Hyderabad,15,14.75,0
TXN003615,CUST0266,265.62,Delhi,13,149.42,0
TXN003616,CUST0309,148.55,Mumbai,18,1.0,0
TXN003617,CUST0354,86.31,Kolkata,8,616.22,0
TXN003618,CUST0290,1132.42,Pune,23,1185.33,0
TXN003619,CUST0382,82.47,Hyderabad,21,143.25,0
TXN003620,CUST0038,105.24,Indore,17,64.39,0
TXN003621,CUST0210,418.8,Chennai,20,39.76,0
TXN003622,CUST0417,446.82,Surat,17,309.35,0
TXN003623,CUST0163,81.3,Mumbai,19,284.95,0
TXN003624,CUST0414,192.25,Ahmedabad,17,1379.67,0
TXN003625,CUST0482,90.1,Bengaluru,6,399.23,0
TXN003626,CUST0361,342.57,Delhi,11,1029.01,0
TXN003627,CUST0080,97.03,Ahmedabad,9,265.82,0
TXN003628,CUST0337,331.89,Bhopal,11,1.0,0
TXN003629,CUST0164,76.83,Ahmedabad,18,323.81,0
TXN003630,CUST0178,106.24,Nagpur,6,43.66,0
TXN003631,CUST0162,40.8,Kolkata,21,1.0,0
TXN003632,CUST0361,356.86,Kanpur,16,779.69,0
TXN003633,CUST0203,1377.2,"London, UK",14,3015.93,1
TXN003634,CUST0078,1482.13,Hong Kong,3,775.7,1
TXN003635,CUST0204,186.0,Bhopal,14,416.51,0
TXN003636,CUST0234,204.38,"Tokyo, Japan",13,1.0,1
TXN003637,CUST0221,809.8,Kanpur,12,1451.05,0
TXN003638,CUST0037,51.59,Ahmedabad,9,21.02,0
TXN003639,CUST0339,161.44,Jaipur,15,1.0,0
TXN003640,CUST0074,95.12,Indore,18,142.44,0
TXN003641,CUST0272,483.68,Chennai,9,1588.16,0
TXN003642,CUST0208,201.26,Nagpur,8,1.0,0
TXN003643,CUST0274,263.59,Kolkata,18,667.53,0
TXN003644,CUST0122,138.81,Bengaluru,11,1.0,0
TXN003645,CUST0135,206.61,Surat,13,1.0,0
TXN003646,CUST0053,1953.3,Bengaluru,18,534.75,0
TXN003647,CUST0328,211.99,Jaipur,7,409.08,0
TXN003648,CUST0173,775.71,Kanpur,13,989.54,0
TXN003649,CUST0033,1546.07,Delhi,9,1783.25,0
TXN003650,CUST0222,621.33,Chennai,15,393.1,0
TXN003651,CUST0031,489.83,Kolkata,15,721.48,0
TXN003652,CUST0435,162.19,Kolkata,12,74.67,0
TXN003653,CUST0190,176.11,Jaipur,15,571.51,0
TXN003654,CUST0380,30.21,Hyderabad,22,56.8,0
TXN003655,CUST0451,523.89,"Frankfurt, Germany",18,1173.96,1
TXN003656,CUST0328,80.62,Kanpur,12,72.86,0
TXN003657,CUST0214,93.67,Bengaluru,8,437.03,0
TXN003658,CUST0463,102.73,Bengaluru,5,746.35,0
TXN003659,CUST0350,59.82,Bhopal,15,1.0,0
TXN003660,CUST0442,33.25,Surat,16,50.99,0
TXN003661,CUST0430,1022.79,"Tokyo, Japan",18,1166.97,1
TXN003662,CUST0191,475.68,Kanpur,23,429.59,0
TXN003663,CUST0341,1840.35,"New York, USA",19,3187.11,1
TXN003664,CUST0082,89.53,Hyderabad,4,1.0,0
TXN003665,CUST0072,84.56,Mumbai,5,452.14,0
TXN003666,CUST0071,301.43,Bhopal,14,1068.65,0
TXN003667,CUST0170,80.6,Pune,20,1.0,0
TXN003668,CUST0324,1112.87,"London, UK",11,622.31,1
TXN003669,CUST0478,177.17,Jaipur,11,289.64,0
TXN003670,CUST0012,102.91,Lucknow,7,632.25,0
TXN003671,CUST0228,257.51,Chennai,7,1289.28,0
TXN003672,CUST0328,61.94,Bhopal,16,1.0,0
TXN003673,CUST0392,348.76,Hyderabad,11,1101.79,0
TXN003674,CUST0319,240.52,Kolkata,10,898.89,0
TXN003675,CUST0033,109.11,Pune,17,1.0,0
TXN003676,CUST0189,673.45,Ahmedabad,13,1703.38,0
TXN003677,CUST0136,318.97,"Dubai, UAE",10,1.0,1
TXN003678,CUST0202,823.21,Bhopal,17,1135.56,0
TXN003679,CUST0048,289.3,Kanpur,12,38.88,0
TXN003680,CUST0381,112.85,Pune,13,1.0,0
TXN003681,CUST0056,198.95,Kanpur,20,33.7,0
TXN003682,CUST0032,926.38,Hyderabad,1,381.39,0
TXN003683,CUST0236,111.25,Kanpur,18,241.89,0
TXN003684,CUST0478,243.47,"Toronto, Canada",8,186.17,1
TXN003685,CUST0187,293.74,Chennai,19,422.08,0
TXN003686,CUST0082,149.66,Pune,20,1.0,0
TXN003687,CUST0436,511.06,Bhopal,15,1.0,0
TXN003688,CUST0320,783.72,"New York, USA",21,222.11,1
TXN003689,CUST0415,268.59,Mumbai,11,1.0,0
TXN003690,CUST0389,115.98,Mumbai,22,341.06,0
TXN003691,CUST0070,1286.3,"New York, USA",7,1367.56,1
TXN003692,CUST0178,95.0,Surat,20,603.62,0
TXN003693,CUST0103,84.49,Pune,19,1.0,0
TXN003694,CUST0038,364.29,Surat,16,1.0,0
TXN003695,CUST0419,173.13,Ahmedabad,12,1165.07,0
TXN003696,CUST0087,362.28,Pune,18,199.28,0
TXN003697,CUST0318,269.1,Ahmedabad,8,301.47,0
TXN003698,CUST0247,376.07,Kanpur,0,1069.12,0
TXN003699,CUST0327,1246.31,Surat,10,1589.77,0
TXN003700,CUST0437,1212.48,Singapore,8,2815.24,1
TXN003701,CUST0020,913.88,Pune,20,1957.17,0
TXN003702,CUST0136,68.48,Jaipur,18,113.32,0
TXN003703,CUST0259,508.44,Hong Kong,17,978.7,1
TXN003704,CUST0020,69.98,Bengaluru,21,1235.89,0
TXN003705,CUST0407,1091.78,Pune,20,1.0,0
TXN003706,CUST0076,758.3,Surat,11,578.53,0
TXN003707,CUST0192,488.51,Lucknow,9,460.62,0
TXN003708,CUST0478,680.66,"Paris, France",15,1761.68,1
TXN003709,CUST0004,335.1,Ahmedabad,16,933.14,0
TXN003710,CUST0213,376.64,Indore,0,137.41,0
TXN003711,CUST0256,148.18,Delhi,17,664.59,0
TXN003712,CUST0306,375.91,Jaipur,17,668.8,0
TXN003713,CUST0454,724.91,Kanpur,13,2202.37,0
TXN003714,CUST0021,143.12,Delhi,14,1006.35,0
TXN003715,CUST0106,162.94,Indore,19,1347.19,0
TXN003716,CUST0434,271.88,Hyderabad,7,1.0,0
TXN003717,CUST0072,282.16,Kolkata,12,21.01,0
TXN003718,CUST0262,201.3,Indore,12,274.94,0
TXN003719,CUST0212,16.59,Delhi,13,340.23,0
TXN003720,CUST0252,82.5,Nagpur,11,207.62,0
TXN003721,CUST0416,636.79,Kolkata,20,539.96,0
TXN003722,CUST0477,438.24,Indore,18,816.36,0
TXN003723,CUST0005,162.34,Nagpur,14,488.07,0
TXN003724,CUST0282,688.5,Ahmedabad,14,1033.24,0
TXN003725,CUST0272,143.95,Chennai,21,1101.49,0
TXN003726,CUST0403,968.44,Kolkata,12,2714.78,0
TXN003727,CUST0344,818.86,Kolkata,20,813.8,0
TXN003728,CUST0186,25.59,"Frankfurt, Germany",12,68.97,1
TXN003729,CUST0160,173.83,"New York, USA",16,1.0,1
TXN003730,CUST0038,77.21,Hyderabad,20,1.0,0
TXN003731,CUST0292,248.4,Surat,15,1.0,0
TXN003732,CUST0410,751.16,Chennai,18,877.78,0
TXN003733,CUST0311,22.42,Chennai,16,1.0,0
TXN003734,CUST0246,101.97,Surat,11,102.43,0
TXN003735,CUST0098,18.5,Bengaluru,12,715.72,0
TXN003736,CUST0255,342.03,Kanpur,14,2402.81,0
TXN003737,CUST0484,168.4,Delhi,11,1.0,0
TXN003738,CUST0140,546.07,Chennai,15,1460.93,0
TXN003739,CUST0060,64.16,Surat,18,475.34,0
TXN003740,CUST0228,58.25,Indore,8,368.2,0
TXN003741,CUST0156,144.54,Pune,11,716.42,0
TXN003742,CUST0173,394.97,Ahmedabad,13,1193.4,0
TXN003743,CUST0320,240.34,Ahmedabad,16,1364.48,0
TXN003744,CUST0137,180.12,Mumbai,9,192.81,0
TXN003745,CUST0103,384.68,Delhi,8,781.27,0
TXN003746,CUST0205,191.97,"New York, USA",18,633.21,1
TXN003747,CUST0118,138.52,Lucknow,20,1.0,0
TXN003748,CUST0475,146.61,Delhi,18,836.42,0
TXN003749,CUST0456,162.14,Ahmedabad,12,950.22,0
TXN003750,CUST0030,136.47,Pune,16,156.57,0
TXN003751,CUST0002,155.89,Indore,9,1.0,0
TXN003752,CUST0175,653.33,"New York, USA",10,435.92,1
TXN003753,CUST0376,172.87,"Frankfurt, Germany",13,869.82,1
TXN003754,CUST0296,338.93,Indore,10,1.0,0
TXN003755,CUST0435,115.89,Surat,18,599.92,0
TXN003756,CUST0465,182.69,Hyderabad,21,535.47,0
TXN003757,CUST0130,27.88,Bengaluru,13,73.32,0
TXN003758,CUST0224,174.18,Kanpur,15,165.18,0
TXN003759,CUST0465,173.59,Ahmedabad,19,150.73,0
TXN003760,CUST0268,71.07,Jaipur,19,272.9,0
TXN003761,CUST0445,274.99,Delhi,11,1370.0,0
TXN003762,CUST0124,134.78,Pune,18,421.8,0
TXN003763,CUST0382,185.84,Chennai,14,144.13,0
TXN003764,CUST0425,620.58,Nagpur,3,1914.34,0
TXN003765,CUST0351,223.93,Nagpur,10,1.0,0
TXN003766,CUST0500,1032.45,Bengaluru,12,2044.56,0
TXN003767,CUST0158,1449.03,"New York, USA",19,2239.04,1
TXN003768,CUST0400,203.27,Pune,3,1.0,0
TXN003769,CUST0387,675.6,Jaipur,18,1713.92,0
TXN003770,CUST0237,414.89,Bengaluru,20,329.33,0
TXN003771,CUST0297,247.1,Ahmedabad,20,1.0,0
TXN003772,CUST0004,102.34,Delhi,5,319.98,0
TXN003773,CUST0002,164.17,Surat,17,1.0,0
TXN003774,CUST0459,50.99,Bengaluru,10,435.7,0
TXN003775,CUST0455,65.5,Mumbai,10,374.66,0
TXN003776,CUST0369,204.29,Indore,16,2.21,0
TXN003777,CUST0344,177.64,Jaipur,20,606.58,0
TXN003778,CUST0371,175.04,Delhi,15,1202.55,0
TXN003779,CUST0409,212.15,Pune,14,1276.32,0
TXN003780,CUST0403,69.5,Hong Kong,10,1.0,1
TXN003781,CUST0076,751.81,"Paris, France",10,867.98,1
TXN003782,CUST0058,136.19,Hyderabad,7,181.76,0
TXN003783,CUST0403,127.22,Lucknow,23,1.0,0
TXN003784,CUST0154,93.95,Mumbai,19,1.0,0
TXN003785,CUST0073,238.36,Ahmedabad,17,1.0,0
TXN003786,CUST0292,20.26,Lucknow,11,183.4,0
TXN003787,CUST0343,105.45,Indore,16,1.0,0
TXN003788,CUST0053,483.2,"Sydney, Australia",10,839.84,1
TXN003789,CUST0453,131.05,Mumbai,7,249.55,0
TXN003790,CUST0082,292.88,Nagpur,12,323.84,0
TXN003791,CUST0214,445.62,Surat,14,283.44,0
TXN003792,CUST0155,18.3,Surat,19,1039.87,0
TXN003793,CUST0055,415.56,"Paris, France",22,1.0,1
TXN003794,CUST0233,122.44,Nagpur,17,1.0,0
TXN003795,CUST0003,162.42,Lucknow,10,1227.49,0
TXN003796,CUST0319,72.02,Kanpur,22,1.0,0
TXN003797,CUST0322,590.17,Nagpur,11,334.36,0
TXN003798,CUST0179,324.84,Hong Kong,17,139.31,1
TXN003799,CUST0043,6083.49,"Toronto, Canada",19,3593.71,1
TXN003800,CUST0257,88.41,Chennai,10,584.43,0
TXN003801,CUST0405,3598.37,"Sydney, Australia",10,3244.88,1
TXN003802,CUST0234,306.06,Ahmedabad,17,913.29,0
TXN003803,CUST0264,257.46,Bhopal,21,1.0,0
TXN003804,CUST0077,127.78,Delhi,18,360.6,0
TXN003805,CUST0015,807.05,Hong Kong,10,67.46,1
TXN003806,CUST0023,186.87,Bhopal,15,75.35,0
TXN003807,CUST0404,268.81,Pune,13,549.49,0
TXN003808,CUST0307,72.23,Pune,7,207.74,0
TXN003809,CUST0066,58.1,Bengaluru,10,1647.4,0
TXN003810,CUST0278,133.02,Jaipur,15,508.37,0
TXN003811,CUST0475,541.27,"London, UK",14,372.45,1
TXN003812,CUST0233,139.22,Hyderabad,14,1.0,0
TXN003813,CUST0300,420.47,Hyderabad,13,146.88,0
TXN003814,CUST0341,1636.26,"Frankfurt, Germany",11,3305.36,1
TXN003815,CUST0270,134.1,Bengaluru,14,356.29,0
TXN003816,CUST0015,105.87,Indore,15,1.0,0
TXN003817,CUST0066,110.74,Hyderabad,10,1.0,0
TXN003818,CUST0452,70.23,Kanpur,22,836.13,0
TXN003819,CUST0298,1037.29,"Frankfurt, Germany",8,1037.53,1
TXN003820,CUST0181,446.14,Ahmedabad,8,278.49,0
TXN003821,CUST0015,224.59,Jaipur,22,310.82,0
TXN003822,CUST0271,415.26,Delhi,7,1.0,0
TXN003823,CUST0024,143.2,Indore,21,1.0,0
TXN003824,CUST0143,110.76,Bengaluru,7,896.54,0
TXN003825,CUST0048,440.3,Delhi,7,883.66,0
TXN003826,CUST0302,956.3,Indore,8,2411.35,0
TXN003827,CUST0262,58.78,Chennai,15,346.83,0
TXN003828,CUST0216,1562.58,Lucknow,12,2005.57,0
TXN003829,CUST0201,145.72,Jaipur,17,1105.69,0
TXN003830,CUST0076,356.35,"London, UK",13,614.45,1
TXN003831,CUST0212,1368.56,Bhopal,13,1970.58,0
TXN003832,CUST0218,1523.47,Kanpur,15,2467.66,0
TXN003833,CUST0101,1026.64,"Toronto, Canada",19,1468.56,1
TXN003834,CUST0480,324.63,Bhopal,8,1.0,0
TXN003835,CUST0334,362.85,Kolkata,12,635.35,0
TXN003836,CUST0388,496.91,"London, UK",13,953.94,1
TXN003837,CUST0046,677.67,Ahmedabad,4,471.23,0
TXN003838,CUST0224,314.81,Lucknow,9,440.18,0
TXN003839,CUST0178,44.64,Surat,14,1.0,0
TXN003840,CUST0080,480.42,Surat,15,1.0,0
TXN003841,CUST0181,1081.49,"Dubai, UAE",20,1.0,1
TXN003842,CUST0434,841.9,"Paris, France",10,2259.87,1
TXN003843,CUST0255,327.05,Delhi,14,1.0,0
TXN003844,CUST0071,260.74,Jaipur,9,1.0,0
TXN003845,CUST0358,130.95,Bengaluru,17,1.0,0
TXN003846,CUST0046,37.07,Pune,15,1.0,0
TXN003847,CUST0168,73.16,Delhi,16,1201.15,0
TXN003848,CUST0045,366.59,Jaipur,18,1235.03,0
TXN003849,CUST0498,2615.87,Hong Kong,19,6166.96,1
TXN003850,CUST0256,442.88,Kolkata,3,878.07,0
TXN003851,CUST0412,160.65,Kanpur,13,63.99,0
TXN003852,CUST0460,158.4,Kanpur,18,319.75,0
TXN003853,CUST0299,1940.58,Bhopal,12,2760.17,0
TXN003854,CUST0071,265.62,Bhopal,16,472.92,0
TXN003855,CUST0167,85.6,Indore,22,184.61,0
TXN003856,CUST0446,297.12,"Dubai, UAE",11,151.23,1
TXN003857,CUST0357,106.13,Pune,9,1296.92,0
TXN003858,CUST0207,302.14,"Paris, France",17,390.88,1
TXN003859,CUST0093,177.73,Mumbai,11,1.0,0
TXN003860,CUST0405,457.04,Pune,7,601.45,0
TXN003861,CUST0258,127.79,Nagpur,6,180.99,0
TXN003862,CUST0138,782.62,Bhopal,17,1100.6,0
TXN003863,CUST0055,586.6,Bengaluru,19,2126.07,0
TXN003864,CUST0410,433.84,Kolkata,12,782.3,0
TXN003865,CUST0169,79.76,Delhi,8,463.74,0
TXN003866,CUST0043,96.65,Delhi,18,1.0,0
TXN003867,CUST0440,17.83,Bengaluru,16,1.0,0
TXN003868,CUST0105,892.88,Bengaluru,17,1290.38,0
TXN003869,CUST0258,153.41,Pune,17,695.01,0
TXN003870,CUST0174,358.52,"Frankfurt, Germany",14,1513.38,1
TXN003871,CUST0107,1768.8,"New York, USA",17,2372.19,1
TXN003872,CUST0345,333.75,"Dubai, UAE",15,369.8,1
TXN003873,CUST0095,228.42,Jaipur,12,274.06,0
TXN003874,CUST0363,91.46,Delhi,15,70.22,0
TXN003875,CUST0171,285.57,Kolkata,10,876.7,0
TXN003876,CUST0274,222.82,Nagpur,9,315.93,0
TXN003877,CUST0446,62.77,Indore,22,434.77,0
TXN003878,CUST0092,500.92,Mumbai,8,1221.03,0
TXN003879,CUST0193,137.97,Chennai,19,1.0,0
TXN003880,CUST0163,77.85,Surat,11,19.3,0
TXN003881,CUST0327,596.11,"Toronto, Canada",18,524.37,1
TXN003882,CUST0110,1043.61,Nagpur,0,1034.17,0
TXN003883,CUST0087,452.26,Mumbai,17,1.0,0
TXN003884,CUST0219,352.01,Hyderabad,23,438.09,0
TXN003885,CUST0041,288.45,Surat,11,1.0,0
TXN003886,CUST0065,121.31,Pune,20,1.0,0
TXN003887,CUST0075,84.18,Ahmedabad,7,1.0,0
TXN003888,CUST0061,135.17,Chennai,13,471.44,0
TXN003889,CUST0266,398.96,Pune,15,416.25,0
TXN003890,CUST0203,173.12,Kolkata,19,162.15,0
TXN003891,CUST0099,10933.92,Singapore,9,20608.0,1
TXN003892,CUST0467,117.91,Jaipur,17,267.36,0
TXN003893,CUST0299,431.5,Bengaluru,17,1920.12,0
TXN003894,CUST0270,47.31,Pune,10,1.0,0
TXN003895,CUST0110,90.68,Bhopal,10,1.0,0
TXN003896,CUST0366,112.06,Lucknow,9,1.0,0
TXN003897,CUST0053,1175.69,Kanpur,19,2232.79,0
TXN003898,CUST0490,1146.21,Kanpur,12,87.38,0
TXN003899,CUST0284,80.87,Lucknow,9,797.98,0
TXN003900,CUST0229,102.59,Ahmedabad,6,606.64,0
TXN003901,CUST0147,321.17,"London, UK",17,1.0,1
TXN003902,CUST0289,474.97,Mumbai,21,777.44,0
TXN003903,CUST0198,83.21,Indore,9,621.74,0
TXN003904,CUST0144,207.71,Nagpur,19,435.89,0
TXN003905,CUST0235,276.91,Jaipur,21,1.0,0
TXN003906,CUST0008,500.82,Bhopal,16,1.0,0
TXN003907,CUST0184,795.73,Kolkata,15,48.12,0
TXN003908,CUST0042,38.17,Bengaluru,20,1.0,0
TXN003909,CUST0480,377.31,Kanpur,18,1.0,0
TXN003910,CUST0020,813.6,"London, UK",13,2074.82,1
TXN003911,CUST0278,33.15,Nagpur,13,1.0,0
TXN003912,CUST0022,684.02,Mumbai,20,1259.69,0
TXN003913,CUST0434,383.73,"Tokyo, Japan",20,932.27,1
TXN003914,CUST0044,456.88,Bengaluru,12,1096.79,0
TXN003915,CUST0180,50.71,Kolkata,20,301.42,0
TXN003916,CUST0173,102.96,Kolkata,14,1.0,0
TXN003917,CUST0136,49.01,Mumbai,16,683.92,0
TXN003918,CUST0088,490.93,Bengaluru,19,1.0,0
TXN003919,CUST0004,141.09,Delhi,15,1.0,0
TXN003920,CUST0049,53.65,Indore,10,1.0,0
TXN003921,CUST0328,116.87,Kanpur,10,1.0,0
TXN003922,CUST0360,502.49,Jaipur,20,819.35,0
TXN003923,CUST0090,1286.76,Kolkata,9,2374.83,0
TXN003924,CUST0241,110.27,Lucknow,14,1.0,0
TXN003925,CUST0140,49.37,Bhopal,13,1.0,0
TXN003926,CUST0242,188.67,Chennai,11,338.73,0
TXN003927,CUST0494,67.18,Delhi,13,1.0,0
TXN003928,CUST0124,378.92,Chennai,10,1.0,0
TXN003929,CUST0026,27.58,Kanpur,10,1.0,0
TXN003930,CUST0120,1475.52,Delhi,17,2941.57,0
TXN003931,CUST0046,291.39,Pune,20,341.76,0
TXN003932,CUST0118,156.58,"Dubai, UAE",21,589.51,1
TXN003933,CUST0279,42.6,Hyderabad,21,418.39,0
TXN003934,CUST0479,253.91,Chennai,18,955.82,0
TXN003935,CUST0283,67.66,Mumbai,2,97.17,0
TXN003936,CUST0438,233.28,Pune,6,128.17,0
TXN003937,CUST0476,28.22,Lucknow,15,1.0,0
TXN003938,CUST0190,243.3,Surat,6,168.85,0
TXN003939,CUST0278,1250.82,Lucknow,12,956.37,0
TXN003940,CUST0106,144.93,Mumbai,18,756.1,0
TXN003941,CUST0455,201.38,Nagpur,18,2395.4,0
TXN003942,CUST0356,132.05,Kolkata,18,591.19,0
TXN003943,CUST0113,154.01,Kanpur,8,447.79,0
TXN003944,CUST0457,1025.57,Ahmedabad,17,715.84,0
TXN003945,CUST0396,919.74,Ahmedabad,19,719.78,0
TXN003946,CUST0081,36.74,Nagpur,17,1.0,0
TXN003947,CUST0044,216.11,"London, UK",17,1.0,1
TXN003948,CUST0348,121.13,Mumbai,14,477.4,0
TXN003949,CUST0306,17.19,Delhi,14,1.0,0
TXN003950,CUST0068,356.44,Ahmedabad,19,264.79,0
TXN003951,CUST0400,25.63,Surat,20,666.07,0
TXN003952,CUST0359,229.5,Pune,5,1.0,0
TXN003953,CUST0257,110.88,Delhi,11,413.56,0
TXN003954,CUST0045,294.83,Bengaluru,1,684.93,0
TXN003955,CUST0246,301.21,Pune,7,90.58,0
TXN003956,CUST0186,648.29,"Dubai, UAE",8,952.88,1
TXN003957,CUST0064,1526.36,Delhi,7,2139.89,0
TXN003958,CUST0296,156.02,Ahmedabad,9,367.8,0
TXN003959,CUST0277,53.22,Bhopal,8,589.34,0
TXN003960,CUST0301,552.3,Indore,18,1161.39,0
TXN003961,CUST0385,179.81,Nagpur,16,393.52,0
TXN003962,CUST0007,841.62,Bengaluru,17,2086.97,0
TXN003963,CUST0344,207.36,Bengaluru,9,1276.09,0
TXN003964,CUST0357,81.67,Singapore,11,543.43,1
TXN003965,CUST0023,851.89,Mumbai,13,1880.09,0
TXN003966,CUST0250,340.45,Bhopal,19,69.26,0
TXN003967,CUST0181,108.17,Bhopal,7,865.45,0
TXN003968,CUST0422,150.48,Lucknow,7,127.71,0
TXN003969,CUST0385,156.68,Kanpur,7,495.02,0
TXN003970,CUST0326,1172.8,Hyderabad,11,3110.11,0
TXN003971,CUST0452,473.17,Bengaluru,19,1479.84,0
TXN003972,CUST0120,253.8,Delhi,20,1.0,0
TXN003973,CUST0042,1905.36,"Sydney, Australia",19,3314.57,1
TXN003974,CUST0442,88.77,Jaipur,7,1047.36,0
TXN003975,CUST0089,216.3,Hyderabad,10,902.82,0
TXN003976,CUST0353,110.58,Mumbai,10,1.0,0
TXN003977,CUST0069,466.49,Surat,19,333.66,0
TXN003978,CUST0319,4657.54,Bhopal,18,1584.04,0
TXN003979,CUST0070,812.3,"New York, USA",19,1848.21,1
TXN003980,CUST0433,134.56,Surat,17,77.85,0
TXN003981,CUST0413,122.25,Delhi,8,312.82,0
TXN003982,CUST0154,25.89,Nagpur,11,336.96,0
TXN003983,CUST0470,140.3,Jaipur,16,1656.93,0
TXN003984,CUST0432,1792.58,"Toronto, Canada",21,3047.0,1
TXN003985,CUST0006,95.34,Bengaluru,9,1.0,0
TXN003986,CUST0261,266.13,Bhopal,23,1.0,0
TXN003987,CUST0150,238.27,"Dubai, UAE",9,1.0,1
TXN003988,CUST0295,71.18,Bengaluru,12,722.13,0
TXN003989,CUST0077,82.2,Lucknow,14,157.04,0
TXN003990,CUST0264,1073.6,Nagpur,10,2555.77,0
TXN003991,CUST0301,192.58,Surat,21,272.34,0
TXN003992,CUST0415,180.13,Hyderabad,14,1.0,0
TXN003993,CUST0098,695.24,Delhi,6,1408.92,0
TXN003994,CUST0330,136.59,Kanpur,17,93.77,0
TXN003995,CUST0475,464.77,Indore,12,1092.66,0
TXN003996,CUST0081,84.07,Mumbai,10,1.0,0
TXN003997,CUST0246,1276.5,"Dubai, UAE",11,469.88,1
TXN003998,CUST0399,127.08,Delhi,9,480.72,0
TXN003999,CUST0261,147.44,Delhi,10,1.0,0
TXN004000,CUST0255,143.77,Delhi,10,235.3,0
TXN004001,CUST0216,168373.8,"Sydney, Australia",18,4116.45,1
TXN004002,CUST0096,202624.11,Mumbai,17,6356.64,0
TXN004003,CUST0085,241926.84,Jaipur,2,7056.51,0
TXN004004,CUST0469,231962.86,"London, UK",20,1555.25,1
TXN004005,CUST0236,258627.09,Hong Kong,1,396578.22,1
TXN004006,CUST0294,187647.74,Delhi,0,820.1,0
TXN004007,CUST0153,447539.35,Indore,13,353533.17,0
TXN004008,CUST0416,76537.09,Mumbai,1,6856.78,0
TXN004009,CUST0225,54835.1,Chennai,19,483.77,0
TXN004010,CUST0442,454302.91,"London, UK",9,4639.47,1
TXN004011,CUST0168,144411.33,Bhopal,20,1799.87,0
TXN004012,CUST0118,280197.44,Lucknow,2,7359.35,0
TXN004013,CUST0173,429042.53,Lucknow,9,200362.49,0
TXN004014,CUST0276,137988.1,Kanpur,16,5634.1,0
TXN004015,CUST0417,461836.96,Nagpur,23,3070.12,0
TXN004016,CUST0316,145088.69,"Dubai, UAE",4,4374.29,1
TXN004017,CUST0375,174469.84,"Frankfurt, Germany",6,64892.83,1
TXN004018,CUST0229,419886.8,"New York, USA",6,218158.87,1
TXN004019,CUST0055,444909.76,"New York, USA",0,6800.84,1
TXN004020,CUST0421,64885.97,Kolkata,16,6987.24,0
TXN004021,CUST0374,62127.39,"Dubai, UAE",17,3872.36,1
TXN004022,CUST0432,499258.68,"Dubai, UAE",4,371936.54,1
TXN004023,CUST0207,139342.86,Delhi,12,7265.58,0
TXN004024,CUST0400,402533.54,Indore,1,5061.28,0
TXN004025,CUST0011,187609.31,"Tokyo, Japan",1,695.23,1
TXN004026,CUST0200,242860.72,Lucknow,0,1867.94,0
TXN004027,CUST0292,348271.29,"Dubai, UAE",16,326417.35,1
TXN004028,CUST0188,316309.46,Kolkata,18,3197.33,0
TXN004029,CUST0258,244338.62,Ahmedabad,12,1379.77,0
TXN004030,CUST0268,189587.57,"Dubai, UAE",18,328536.36,1
TXN004031,CUST0127,203061.85,Indore,10,347739.13,0
TXN004032,CUST0338,257216.82,Delhi,23,3979.73,0
TXN004033,CUST0378,168836.95,Nagpur,11,102733.51,0
TXN004034,CUST0391,475490.88,Lucknow,17,5897.29,0
TXN004035,CUST0405,119373.76,"Dubai, UAE",7,6755.57,1
TXN004036,CUST0230,455242.61,Jaipur,18,2682.15,0
TXN004037,CUST0185,375657.22,Chennai,17,269681.72,0
TXN004038,CUST0381,456859.49,Indore,0,2765.37,0
TXN004039,CUST0098,156273.73,"Frankfurt, Germany",14,284519.57,1
TXN004040,CUST0297,412963.45,Ahmedabad,1,5295.21,0
TXN004041,CUST0258,55663.27,"Dubai, UAE",3,2439.73,1
TXN004042,CUST0491,188091.57,Pune,7,6746.64,0
TXN004043,CUST0183,57248.71,Kanpur,21,278.53,0
TXN004044,CUST0436,460903.55,Pune,13,249754.23,0
TXN004045,CUST0133,181538.42,"Frankfurt, Germany",19,1758.09,1
TXN004046,CUST0158,484329.25,Pune,7,383672.74,0
TXN004047,CUST0308,419301.04,"Paris, France",21,7990.9,1
TXN004048,CUST0362,175895.45,"Frankfurt, Germany",0,4217.99,1
TXN004049,CUST0285,325071.85,Pune,10,252682.17,0
TXN004050,CUST0129,261421.41,Nagpur,0,93795.99,0
TXN004051,CUST0477,289459.04,Kolkata,0,179347.57,0
TXN004052,CUST0169,289026.78,Hyderabad,18,267226.98,0
TXN004053,CUST0026,62527.34,Jaipur,2,2209.44,0
TXN004054,CUST0294,343973.23,Mumbai,10,792.84,0
TXN004055,CUST0396,380590.66,Bengaluru,17,350402.99,0
TXN004056,CUST0317,355624.4,Bhopal,2,388.33,0
TXN004057,CUST0004,461635.65,"Toronto, Canada",7,7048.78,1
TXN004058,CUST0275,102817.62,Singapore,19,85361.36,1
TXN004059,CUST0448,329108.22,Pune,12,260738.43,0
TXN004060,CUST0373,465144.44,"New York, USA",6,194977.7,1
TXN004061,CUST0485,293068.62,Bengaluru,23,7911.29,0
TXN004062,CUST0278,121872.22,Jaipur,7,1111.0,0
TXN004063,CUST0151,383447.4,Bhopal,3,3533.91,0
TXN004064,CUST0110,278395.08,"London, UK",13,256844.97,1
TXN004065,CUST0320,336456.15,Bhopal,19,3190.69,0
TXN004066,CUST0207,142748.11,Bengaluru,4,4493.62,0
TXN004067,CUST0365,293908.37,Kolkata,18,5985.39,0
TXN004068,CUST0102,67619.41,"New York, USA",23,115154.59,1
TXN004069,CUST0475,445280.39,Mumbai,9,1626.91,0
TXN004070,CUST0402,61885.39,Ahmedabad,23,95664.48,0
TXN004071,CUST0483,136354.57,"Paris, France",3,280259.38,1
TXN004072,CUST0154,350433.24,"Dubai, UAE",12,81881.94,1
TXN004073,CUST0197,65500.65,Pune,22,7520.98,0
TXN004074,CUST0493,419965.74,Hyderabad,8,294604.73,0
TXN004075,CUST0164,404159.21,"London, UK",13,1859.45,1
TXN004076,CUST0330,222350.53,Jaipur,3,4811.94,0
TXN004077,CUST0281,383160.45,Kolkata,1,7741.03,0
TXN004078,CUST0403,68892.67,Delhi,4,382280.06,0
TXN004079,CUST0303,289853.0,"Tokyo, Japan",19,261403.62,1
TXN004080,CUST0417,411574.32,"Paris, France",12,803.75,1
TXN004081,CUST0441,395224.37,Nagpur,18,5569.27,0
TXN004082,CUST0392,70818.02,Ahmedabad,16,4524.34,0
TXN004083,CUST0056,219064.6,Delhi,13,2896.69,0
TXN004084,CUST0214,382544.71,Nagpur,23,163486.06,0
TXN004085,CUST0187,140713.85,Hong Kong,8,874.35,1
TXN004086,CUST0276,474335.8,Bhopal,9,169160.96,0
TXN004087,CUST0309,102947.64,Hyderabad,6,379123.64,0
TXN004088,CUST0492,194482.93,Hyderabad,16,345682.84,0
TXN004089,CUST0284,127910.98,"Frankfurt, Germany",4,1315.03,1
TXN004090,CUST0067,229506.91,"Dubai, UAE",19,187473.92,1
TXN004091,CUST0199,145612.51,Delhi,17,386472.85,0
TXN004092,CUST0079,412920.99,Surat,1,4815.81,0
TXN004093,CUST0328,89710.45,Surat,10,355914.65,0
TXN004094,CUST0071,241114.7,Indore,0,100394.13,0
TXN004095,CUST0291,374091.07,Mumbai,13,108038.17,0
TXN004096,CUST0302,254112.47,"Frankfurt, Germany",6,3723.78,1
TXN004097,CUST0048,262135.95,"Toronto, Canada",6,2281.87,1
TXN004098,CUST0031,119516.34,Bengaluru,6,194852.91,0
TXN004099,CUST0236,411075.39,Nagpur,22,368251.37,0
TXN004100,CUST0255,87447.82,Nagpur,10,5328.08,0
TXN004101,CUST0028,275100.48,"Toronto, Canada",3,409.91,1
TXN004102,CUST0387,269784.39,Lucknow,13,7676.57,0
TXN004103,CUST0024,289147.95,"Dubai, UAE",21,269091.43,1
TXN004104,CUST0448,340533.95,Chennai,23,1809.57,0
TXN004105,CUST0127,258605.81,Delhi,10,4218.83,0
TXN004106,CUST0182,81382.93,"New York, USA",1,7144.24,1
TXN004107,CUST0288,405899.23,Kolkata,20,4865.15,0
TXN004108,CUST0185,269084.74,"Tokyo, Japan",15,274177.4,1
TXN004109,CUST0226,80538.52,"Paris, France",12,395657.8,1
TXN004110,CUST0194,248096.35,Pune,2,212.29,0
TXN004111,CUST0099,167962.99,Kolkata,10,252178.14,0
TXN004112,CUST0048,151519.46,"Dubai, UAE",16,66317.48,1
TXN004113,CUST0359,455491.79,Lucknow,19,4227.62,0
TXN004114,CUST0246,62802.23,"Tokyo, Japan",6,103575.86,1
TXN004115,CUST0026,229448.57,"Toronto, Canada",12,84312.99,1
TXN004116,CUST0437,237707.93,Indore,23,2624.41,0
TXN004117,CUST0397,164675.58,Singapore,11,1633.87,1
TXN004118,CUST0110,370637.38,Delhi,13,131796.71,0
TXN004119,CUST0460,150205.88,Singapore,23,5901.61,1
TXN004120,CUST0313,433910.51,Hyderabad,18,53087.16,0
TXN004121,CUST0129,113596.83,"Frankfurt, Germany",19,2747.83,1
TXN004122,CUST0131,303049.43,Hong Kong,3,287341.4,1
TXN004123,CUST0327,170616.09,Bengaluru,13,6619.38,0
TXN004124,CUST0471,87321.95,"Sydney, Australia",13,110908.24,1
TXN004125,CUST0148,396544.62,Jaipur,0,263805.39,0
TXN004126,CUST0317,352484.6,"Sydney, Australia",1,7395.19,1
TXN004127,CUST0245,431023.83,Nagpur,7,1836.89,0
TXN004128,CUST0069,239391.29,"Dubai, UAE",11,162860.56,1
TXN004129,CUST0360,397844.95,Kanpur,16,5100.82,0
TXN004130,CUST0208,290532.01,"Tokyo, Japan",2,152184.1,1
TXN004131,CUST0231,127795.02,Hyderabad,14,452.52,0
TXN004132,CUST0167,388354.58,Hyderabad,22,7717.23,0
TXN004133,CUST0167,67066.53,Singapore,4,160325.56,1
TXN004134,CUST0108,230242.99,Indore,13,270868.46,0
TXN004135,CUST0457,150370.15,Hyderabad,0,352775.37,0
TXN004136,CUST0043,328140.06,Delhi,23,231439.05,0
TXN004137,CUST0190,119077.02,Nagpur,10,385304.22,0
TXN004138,CUST0477,433683.66,Nagpur,12,735.94,0
TXN004139,CUST0133,147704.91,Pune,13,4647.5,0
TXN004140,CUST0467,302295.68,Hyderabad,1,84761.91,0
TXN004141,CUST0209,382112.04,Lucknow,1,6862.1,0
TXN004142,CUST0412,242831.45,"Paris, France",0,267614.25,1
TXN004143,CUST0474,324231.72,Hong Kong,14,231694.76,1
TXN004144,CUST0040,409144.99,Hyderabad,9,7308.7,0
TXN004145,CUST0213,246808.33,"Frankfurt, Germany",8,258485.23,1
TXN004146,CUST0408,153355.16,"Toronto, Canada",0,391218.87,1
TXN004147,CUST0063,360551.66,Lucknow,1,4061.23,0
TXN004148,CUST0472,117332.08,Jaipur,16,3782.45,0
TXN004149,CUST0485,380318.98,Lucknow,19,2410.52,0
TXN004150,CUST0385,300003.29,Chennai,9,6953.6,0
TXN004151,CUST0138,132223.86,Hyderabad,1,315469.82,0
TXN004152,CUST0208,62267.07,Jaipur,4,7848.3,0
TXN004153,CUST0029,168916.63,"Tokyo, Japan",13,4411.14,1
TXN004154,CUST0130,227759.68,Jaipur,0,204227.54,0
TXN004155,CUST0212,413940.26,"Tokyo, Japan",1,4209.09,1
TXN004156,CUST0212,438828.66,Chennai,15,284943.04,0
TXN004157,CUST0072,497105.6,"Paris, France",12,1432.64,1
TXN004158,CUST0309,118840.48,"London, UK",4,184992.0,1
TXN004159,CUST0186,362584.87,"Tokyo, Japan",20,3325.6,1
TXN004160,CUST0329,424996.99,"London, UK",2,3284.17,1
TXN004161,CUST0348,55058.1,"Paris, France",22,173715.52,1
TXN004162,CUST0453,134078.65,Bengaluru,17,1388.0,0
TXN004163,CUST0227,456871.02,Singapore,13,340873.29,1
TXN004164,CUST0082,306085.12,Hyderabad,23,3421.5,0
TXN004165,CUST0083,313906.14,Indore,9,7576.99,0
TXN004166,CUST0478,73766.1,"Dubai, UAE",18,281651.35,1
TXN004167,CUST0097,143704.63,Bhopal,12,3472.7,0
TXN004168,CUST0301,99184.22,"New York, USA",8,3017.59,1
TXN004169,CUST0099,431893.07,Surat,13,7160.88,0
TXN004170,CUST0026,61648.14,Singapore,23,399713.47,1
TXN004171,CUST0264,312728.63,"London, UK",17,51660.58,1
TXN004172,CUST0293,366841.74,Delhi,23,903.53,0
TXN004173,CUST0064,319228.27,"New York, USA",8,4472.45,1
TXN004174,CUST0193,78463.93,Hong Kong,11,7492.46,1
TXN004175,CUST0296,152060.61,"Sydney, Australia",23,4066.15,1
TXN004176,CUST0114,301956.57,Surat,11,99566.23,0
TXN004177,CUST0115,175035.67,"Dubai, UAE",1,7588.62,1
TXN004178,CUST0122,211270.72,"Frankfurt, Germany",8,168553.86,1
TXN004179,CUST0327,97800.43,"New York, USA",16,153735.87,1
TXN004180,CUST0309,201438.91,Surat,16,201873.72,0
TXN004181,CUST0223,249282.86,Ahmedabad,14,152841.53,0
TXN004182,CUST0011,415858.17,Indore,0,239079.37,0
TXN004183,CUST0223,213470.46,Kanpur,16,124352.46,0
TXN004184,CUST0092,423704.5,"Tokyo, Japan",0,5018.29,1
TXN004185,CUST0222,218947.24,Kanpur,7,6290.46,0
TXN004186,CUST0192,76654.52,"Paris, France",0,2272.66,1
TXN004187,CUST0226,158180.66,Jaipur,1,279594.21,0
TXN004188,CUST0071,480971.41,Bengaluru,5,329993.12,0
TXN004189,CUST0338,460229.18,Hyderabad,23,3224.52,0
TXN004190,CUST0112,171863.55,Bhopal,1,7437.06,0
TXN004191,CUST0290,282250.73,"Tokyo, Japan",10,197883.44,1
TXN004192,CUST0237,360874.33,Indore,23,204834.96,0
TXN004193,CUST0092,364899.84,"Toronto, Canada",2,686.48,1
TXN004194,CUST0210,68098.43,"London, UK",7,6572.91,1
TXN004195,CUST0063,493261.16,"Dubai, UAE",3,348806.45,1
TXN004196,CUST0133,224655.24,Hong Kong,18,1971.94,1
TXN004197,CUST0463,74344.2,Hyderabad,15,4180.72,0
TXN004198,CUST0153,472500.74,Mumbai,16,6439.55,0
TXN004199,CUST0452,101567.89,Ahmedabad,19,258127.35,0
TXN004200,CUST0479,253756.08,Delhi,22,220537.6,0
TXN004201,CUST0191,130348.18,Ahmedabad,11,7670.36,0
TXN004202,CUST0396,490766.63,Surat,22,398220.88,0
TXN004203,CUST0420,156279.82,Hyderabad,15,5884.71,0
TXN004204,CUST0363,242886.76,Ahmedabad,1,1491.23,0
TXN004205,CUST0417,151928.36,Bengaluru,8,265410.75,0
TXN004206,CUST0127,499990.69,Chennai,22,114110.65,0
TXN004207,CUST0030,319362.12,Hong Kong,2,290.68,1
TXN004208,CUST0413,336650.57,Mumbai,6,125462.38,0
TXN004209,CUST0057,495050.12,Hyderabad,2,291287.87,0
TXN004210,CUST0168,62216.35,"Tokyo, Japan",13,6536.38,1
TXN004211,CUST0203,452340.84,Delhi,23,116575.47,0
TXN004212,CUST0062,348552.82,"London, UK",4,142297.56,1
TXN004213,CUST0063,430919.73,Delhi,11,1958.1,0
TXN004214,CUST0045,350751.29,Jaipur,16,1127.02,0
TXN004215,CUST0099,470079.98,"London, UK",1,84875.21,1
TXN004216,CUST0499,118412.16,Singapore,18,284542.89,1
TXN004217,CUST0496,79536.89,Bengaluru,17,6266.24,0
TXN004218,CUST0225,185808.63,"Paris, France",13,5997.93,1
TXN004219,CUST0332,405967.6,Pune,0,310461.5,0
TXN004220,CUST0249,182161.0,Indore,10,325049.01,0
TXN004221,CUST0476,495825.59,Ahmedabad,15,7292.33,0
TXN004222,CUST0106,423706.21,"Frankfurt, Germany",13,7555.74,1
TXN004223,CUST0474,202626.87,Hyderabad,23,95707.99,0
TXN004224,CUST0199,209818.38,Mumbai,9,210944.58,0
TXN004225,CUST0374,474801.24,"Dubai, UAE",2,265474.71,1
TXN004226,CUST0134,123611.32,Hong Kong,23,3958.14,1
TXN004227,CUST0193,495813.49,"Sydney, Australia",18,57993.47,1
TXN004228,CUST0117,87884.7,"Frankfurt, Germany",10,3668.8,1
TXN004229,CUST0355,338749.96,"New York, USA",18,162600.47,1
TXN004230,CUST0148,249058.16,"London, UK",17,372141.3,1
TXN004231,CUST0406,383593.62,Jaipur,10,7663.4,0
TXN004232,CUST0004,373794.01,Nagpur,23,1245.31,0
TXN004233,CUST0219,154738.56,Kanpur,16,4220.37,0
TXN004234,CUST0023,266788.7,"Toronto, Canada",0,7402.89,1
TXN004235,CUST0196,225840.7,Bengaluru,2,158116.98,0
TXN004236,CUST0288,51430.61,Nagpur,10,276624.45,0
TXN004237,CUST0283,77234.89,Pune,2,1631.68,0
TXN004238,CUST0423,135750.18,Bengaluru,17,184363.06,0
TXN004239,CUST0043,135639.74,"London, UK",19,681.58,1
TXN004240,CUST0266,193691.92,"Toronto, Canada",13,6737.38,1
TXN004241,CUST0029,172091.74,Bhopal,14,2643.68,0
TXN004242,CUST0067,251294.93,"Paris, France",12,361739.94,1
TXN004243,CUST0421,138726.19,Kanpur,13,320592.2,0
TXN004244,CUST0226,255293.77,Hyderabad,13,5897.53,0
TXN004245,CUST0335,145207.85,"London, UK",22,391602.86,1
TXN004246,CUST0429,300145.11,Indore,0,6254.08,0
TXN004247,CUST0080,64938.33,Jaipur,19,2834.42,0
TXN004248,CUST0288,343594.46,Kanpur,3,7447.55,0
TXN004249,CUST0455,481716.15,Bhopal,8,7164.99,0
TXN004250,CUST0290,425436.14,"Toronto, Canada",1,5599.59,1
TXN004251,CUST0077,92762.92,"London, UK",9,226617.39,1
TXN004252,CUST0234,414671.23,Bengaluru,2,1523.3,0
TXN004253,CUST0201,204432.7,Hong Kong,0,165379.04,1
TXN004254,CUST0184,331369.6,"Toronto, Canada",1,239696.64,1
TXN004255,CUST0352,131298.02,Delhi,3,79602.27,0
TXN004256,CUST0240,327351.54,Nagpur,10,103480.64,0
TXN004257,CUST0295,388288.87,Ahmedabad,9,223813.35,0
TXN004258,CUST0128,149646.65,Chennai,13,3922.15,0
TXN004259,CUST0010,466087.56,Indore,20,342129.46,0
TXN004260,CUST0041,177592.94,Hyderabad,23,195235.92,0
TXN004261,CUST0175,371281.39,Hyderabad,3,344589.88,0
TXN004262,CUST0361,307754.85,Hyderabad,10,1219.73,0
TXN004263,CUST0195,330076.13,"Tokyo, Japan",2,363990.28,1
TXN004264,CUST0257,416594.03,Surat,16,1967.79,0
TXN004265,CUST0458,373032.15,Pune,9,6860.59,0
TXN004266,CUST0240,83384.63,Kolkata,11,3590.6,0
TXN004267,CUST0478,484445.42,"Dubai, UAE",9,390318.06,1
TXN004268,CUST0043,448374.37,Delhi,9,330731.49,0
TXN004269,CUST0456,75812.6,"London, UK",3,6827.88,1
TXN004270,CUST0460,357511.13,Lucknow,14,5921.15,0
TXN004271,CUST0193,392740.33,Singapore,16,344758.89,1
TXN004272,CUST0099,62963.14,Kolkata,16,4027.87,0
TXN004273,CUST0471,386141.92,Pune,10,6483.75,0
TXN004274,CUST0271,458629.82,Kanpur,11,1770.12,0
TXN004275,CUST0141,174432.62,Kolkata,22,305074.98,0
TXN004276,CUST0075,189960.48,"Sydney, Australia",4,1356.19,1
TXN004277,CUST0284,242992.16,Hong Kong,0,5270.66,1
TXN004278,CUST0402,281056.55,Singapore,17,377257.19,1
TXN004279,CUST0337,260044.98,Ahmedabad,13,276384.11,0
TXN004280,CUST0428,252619.98,Mumbai,13,399246.12,0
TXN004281,CUST0147,227708.79,Surat,3,2525.18,0
TXN004282,CUST0331,82466.39,"Tokyo, Japan",5,4435.36,1
TXN004283,CUST0341,253634.85,Delhi,9,3006.45,0
TXN004284,CUST0081,64691.0,"London, UK",19,6876.67,1
TXN004285,CUST0217,87030.75,"New York, USA",17,4611.92,1
TXN004286,CUST0010,256213.98,"Paris, France",8,104873.24,1
TXN004287,CUST0349,430454.93,Bengaluru,16,7286.52,0
TXN004288,CUST0443,192575.4,Jaipur,13,7482.13,0
TXN004289,CUST0479,220009.18,Indore,18,3368.79,0
TXN004290,CUST0002,57541.25,Delhi,7,2165.66,0
TXN004291,CUST0299,146454.31,Kanpur,15,94489.43,0
TXN004292,CUST0452,438297.93,Hyderabad,2,159575.34,0
TXN004293,CUST0420,106601.24,"Dubai, UAE",21,372042.52,1
TXN004294,CUST0500,105121.95,"Toronto, Canada",0,3525.02,1
TXN004295,CUST0075,387966.61,Pune,21,1996.68,0
TXN004296,CUST0186,304041.53,"Tokyo, Japan",11,3359.43,1
TXN004297,CUST0267,158387.7,Hyderabad,9,2071.35,0
TXN004298,CUST0211,362698.81,Kolkata,17,5991.1,0
TXN004299,CUST0298,370071.62,"Frankfurt, Germany",0,583.28,1
TXN004300,CUST0002,189504.55,"New York, USA",12,211457.1,1
